product,month,survival,ci_lower,ci_upper,n,at_risk
both,0,1.0,1.0,1.0,363,363
both,1,1.0,1.0,1.0,363,363
both,2,1.0,1.0,1.0,363,362
both,3,1.0,1.0,1.0,363,356
both,4,1.0,1.0,1.0,363,354
both,5,1.0,1.0,1.0,363,348
both,6,1.0,1.0,1.0,363,346
both,7,1.0,1.0,1.0,363,342
both,8,1.0,1.0,1.0,363,334
both,9,1.0,1.0,1.0,363,324
both,10,1.0,1.0,1.0,363,319
both,11,1.0,1.0,1.0,363,312
both,12,0.9838,0.9579,0.9915,363,303
both,13,0.8305,0.7836,0.8681,363,250
both,14,0.8305,0.7836,0.8681,363,244
both,15,0.8305,0.7836,0.8681,363,235
both,16,0.8305,0.7836,0.8681,363,232
both,17,0.8305,0.7836,0.8681,363,225
both,18,0.8305,0.7836,0.8681,363,216
both,19,0.8305,0.7836,0.8681,363,211
both,20,0.8305,0.7836,0.8681,363,208
both,21,0.8305,0.7836,0.8681,363,204
both,22,0.8305,0.7836,0.8681,363,200
both,23,0.8305,0.7836,0.8681,363,194
both,24,0.8173,0.7602,0.8504,363,186
both,25,0.7071,0.6457,0.7566,363,158
both,26,0.6981,0.6381,0.7501,363,153
both,27,0.6981,0.6381,0.7501,363,146
both,28,0.6981,0.6381,0.7501,363,142
both,29,0.6981,0.6381,0.7501,363,140
both,30,0.6981,0.6381,0.7501,363,139
both,31,0.6981,0.6381,0.7501,363,136
both,32,0.6981,0.6381,0.7501,363,133
both,33,0.6981,0.6381,0.7501,363,130
both,34,0.6981,0.6381,0.7501,363,125
both,35,0.6981,0.6381,0.7501,363,118
both,36,0.6921,0.63,0.7438,363,116
both,37,0.6204,0.5479,0.6759,363,102
both,38,0.5961,0.5274,0.6582,363,96
both,39,0.5961,0.5274,0.6582,363,94
both,40,0.5961,0.5274,0.6582,363,92
both,41,0.5961,0.5274,0.6582,363,88
both,42,0.5961,0.5274,0.6582,363,86
both,43,0.5961,0.5274,0.6582,363,82
both,44,0.5961,0.5274,0.6582,363,80
both,45,0.5961,0.5274,0.6582,363,72
both,46,0.5961,0.5274,0.6582,363,67
both,47,0.5961,0.5274,0.6582,363,66
both,48,0.5961,0.5194,0.6525,363,60
both,49,0.5223,0.44,0.5939,363,48
both,50,0.5005,0.4187,0.5768,363,46
both,51,0.5005,0.4187,0.5768,363,43
both,52,0.5005,0.4187,0.5768,363,39
both,53,0.5005,0.4187,0.5768,363,35
both,54,0.5005,0.4187,0.5768,363,35
both,55,0.5005,0.4187,0.5768,363,35
both,56,0.5005,0.4187,0.5768,363,34
both,57,0.5005,0.4187,0.5768,363,32
both,58,0.5005,0.4187,0.5768,363,31
both,59,0.5005,0.4187,0.5768,363,31
both,60,0.5005,0.4187,0.5768,363,30
both,61,0.4832,0.3975,0.5637,363,27
both,62,0.4832,0.3975,0.5637,363,24
both,63,0.4832,0.3975,0.5637,363,22
both,64,0.4832,0.3975,0.5637,363,20
both,65,0.4832,0.3975,0.5637,363,20
both,66,0.4832,0.3975,0.5637,363,19
both,67,0.4832,0.3975,0.5637,363,19
both,68,0.4832,0.3975,0.5637,363,18
both,69,0.4832,0.3975,0.5637,363,17
both,70,0.4832,0.3975,0.5637,363,16
both,71,0.4832,0.3975,0.5637,363,13
both,72,0.443,0.3264,0.5432,363,11
both,73,0.4027,0.2797,0.5224,363,7
both,74,0.4027,0.2765,0.5216,363,5
both,75,0.4027,0.2662,0.519,363,5
both,76,0.4027,0.2559,0.5165,363,5
both,77,0.4027,0.2456,0.5139,363,5
both,78,0.4027,0.2353,0.5114,363,5
both,79,0.4027,0.225,0.5088,363,5
both,80,0.4027,0.2147,0.5063,363,5
both,81,0.4027,0.2044,0.5037,363,5
both,82,0.4027,0.1941,0.5012,363,5
both,83,0.4027,0.1838,0.4986,363,5
both,84,0.4027,0.1735,0.4961,363,5
both,85,0.4027,0.1632,0.4935,363,5
both,86,0.3222,0.1626,0.4934,363,4
both,87,0.3222,0.1626,0.4934,363,4
both,88,0.3222,0.1626,0.4934,363,4
both,89,0.3222,0.1626,0.4934,363,4
both,90,0.3222,0.1626,0.4934,363,4
both,91,0.3222,0.1626,0.4934,363,4
both,92,0.3222,0.1626,0.4934,363,4
both,93,0.3222,0.1626,0.4934,363,4
both,94,0.3222,0.1626,0.4934,363,4
both,95,0.3222,0.1626,0.4934,363,4
both,96,0.3222,0.1626,0.4934,363,4
diag,0,1.0,1.0,1.0,534,534
diag,1,1.0,1.0,1.0,534,534
diag,2,1.0,1.0,1.0,534,531
diag,3,1.0,1.0,1.0,534,522
diag,4,1.0,1.0,1.0,534,513
diag,5,1.0,1.0,1.0,534,509
diag,6,1.0,1.0,1.0,534,499
diag,7,1.0,1.0,1.0,534,490
diag,8,1.0,1.0,1.0,534,484
diag,9,1.0,1.0,1.0,534,474
diag,10,1.0,1.0,1.0,534,468
diag,11,1.0,1.0,1.0,534,460
diag,12,0.9801,0.9567,0.9864,534,443
diag,13,0.6958,0.651,0.736,534,309
diag,14,0.6958,0.651,0.736,534,306
diag,15,0.6958,0.651,0.736,534,295
diag,16,0.6958,0.651,0.736,534,290
diag,17,0.6958,0.651,0.736,534,281
diag,18,0.6958,0.651,0.736,534,272
diag,19,0.6958,0.651,0.736,534,261
diag,20,0.6958,0.651,0.736,534,258
diag,21,0.6958,0.651,0.736,534,254
diag,22,0.6958,0.651,0.736,534,249
diag,23,0.6958,0.651,0.736,534,238
diag,24,0.6897,0.6389,0.7256,534,224
diag,25,0.5594,0.506,0.6054,534,178
diag,26,0.5403,0.4886,0.5891,534,168
diag,27,0.5403,0.4886,0.5891,534,162
diag,28,0.5403,0.4886,0.5891,534,158
diag,29,0.5403,0.4886,0.5891,534,151
diag,30,0.5403,0.4886,0.5891,534,145
diag,31,0.5403,0.4886,0.5891,534,140
diag,32,0.5403,0.4886,0.5891,534,132
diag,33,0.5403,0.4886,0.5891,534,128
diag,34,0.5403,0.4886,0.5891,534,119
diag,35,0.5403,0.4886,0.5891,534,117
diag,36,0.5403,0.4886,0.5891,534,111
diag,37,0.4446,0.387,0.5005,534,86
diag,38,0.4073,0.3486,0.4651,534,76
diag,39,0.4073,0.3486,0.4651,534,74
diag,40,0.4073,0.3486,0.4651,534,73
diag,41,0.4073,0.3486,0.4651,534,69
diag,42,0.4073,0.3486,0.4651,534,68
diag,43,0.4073,0.3486,0.4651,534,67
diag,44,0.4073,0.3486,0.4651,534,64
diag,45,0.4073,0.3486,0.4651,534,60
diag,46,0.4073,0.3486,0.4651,534,58
diag,47,0.4073,0.3486,0.4651,534,53
diag,48,0.4073,0.3425,0.4602,534,52
diag,49,0.3349,0.2631,0.3921,534,40
diag,50,0.3014,0.2372,0.368,534,37
diag,51,0.293,0.2288,0.36,534,31
diag,52,0.293,0.2288,0.36,534,29
diag,53,0.293,0.2288,0.36,534,29
diag,54,0.293,0.2288,0.36,534,27
diag,55,0.293,0.2288,0.36,534,25
diag,56,0.293,0.2288,0.36,534,25
diag,57,0.293,0.2288,0.36,534,23
diag,58,0.293,0.2288,0.36,534,21
diag,59,0.293,0.2288,0.36,534,21
diag,60,0.293,0.2288,0.36,534,21
diag,61,0.2776,0.2017,0.3415,534,18
diag,62,0.2291,0.158,0.3083,534,13
diag,63,0.2291,0.158,0.3083,534,13
diag,64,0.2291,0.158,0.3083,534,13
diag,65,0.2291,0.158,0.3083,534,9
diag,66,0.2291,0.158,0.3083,534,9
diag,67,0.2291,0.158,0.3083,534,9
diag,68,0.2291,0.158,0.3083,534,9
diag,69,0.2291,0.158,0.3083,534,8
diag,70,0.2291,0.158,0.3083,534,8
diag,71,0.2291,0.1553,0.3071,534,7
diag,72,0.2291,0.1299,0.2962,534,7
diag,73,0.1964,0.117,0.2906,534,5
diag,74,0.1964,0.1135,0.2887,534,5
diag,75,0.1964,0.11,0.2868,534,5
diag,76,0.1964,0.1064,0.2849,534,5
diag,77,0.1964,0.1029,0.2829,534,5
diag,78,0.1964,0.0994,0.281,534,5
diag,79,0.1964,0.0959,0.2791,534,5
diag,80,0.1964,0.0923,0.2772,534,5
diag,81,0.1964,0.0888,0.2753,534,5
diag,82,0.1964,0.0853,0.2733,534,5
diag,83,0.1964,0.0817,0.2714,534,5
diag,84,0.1964,0.0782,0.2695,534,5
diag,85,0.1964,0.0747,0.2676,534,5
diag,86,0.1178,0.0418,0.2368,534,3
diag,87,0.1178,0.0418,0.2368,534,3
diag,88,0.1178,0.0418,0.2368,534,3
diag,89,0.1178,0.0418,0.2368,534,3
diag,90,0.1178,0.0418,0.2368,534,3
diag,91,0.1178,0.0418,0.2368,534,3
diag,92,0.1178,0.0418,0.2368,534,3
diag,93,0.1178,0.0418,0.2368,534,3
diag,94,0.1178,0.0418,0.2368,534,3
diag,95,0.1178,0.0418,0.2368,534,3
diag,96,0.1178,0.0418,0.2368,534,3
posting,0,1.0,1.0,1.0,304,304
posting,1,1.0,1.0,1.0,304,304
posting,2,1.0,1.0,1.0,304,304
posting,3,1.0,1.0,1.0,304,300
posting,4,1.0,1.0,1.0,304,298
posting,5,1.0,1.0,1.0,304,285
posting,6,1.0,1.0,1.0,304,284
posting,7,1.0,1.0,1.0,304,278
posting,8,1.0,1.0,1.0,304,273
posting,9,1.0,1.0,1.0,304,270
posting,10,1.0,1.0,1.0,304,267
posting,11,1.0,1.0,1.0,304,263
posting,12,0.9885,0.9548,0.9914,304,256
posting,13,0.704,0.644,0.7558,304,177
posting,14,0.704,0.644,0.7558,304,168
posting,15,0.704,0.644,0.7558,304,162
posting,16,0.704,0.644,0.7558,304,159
posting,17,0.704,0.644,0.7558,304,157
posting,18,0.704,0.644,0.7558,304,154
posting,19,0.704,0.644,0.7558,304,153
posting,20,0.704,0.644,0.7558,304,151
posting,21,0.704,0.644,0.7558,304,146
posting,22,0.704,0.644,0.7558,304,141
posting,23,0.704,0.644,0.7558,304,139
posting,24,0.704,0.635,0.7485,304,134
posting,25,0.5913,0.5209,0.6499,304,108
posting,26,0.5637,0.4952,0.6265,304,99
posting,27,0.5637,0.4952,0.6265,304,98
posting,28,0.5637,0.4952,0.6265,304,95
posting,29,0.5637,0.4952,0.6265,304,93
posting,30,0.5637,0.4952,0.6265,304,89
posting,31,0.5637,0.4952,0.6265,304,84
posting,32,0.5637,0.4952,0.6265,304,82
posting,33,0.5637,0.4952,0.6265,304,81
posting,34,0.5637,0.4952,0.6265,304,79
posting,35,0.5637,0.4952,0.6265,304,79
posting,36,0.5637,0.4869,0.6199,304,71
posting,37,0.4494,0.3733,0.5224,304,51
posting,38,0.4402,0.3637,0.514,304,48
posting,39,0.4402,0.3637,0.514,304,47
posting,40,0.4402,0.3637,0.514,304,46
posting,41,0.4402,0.3637,0.514,304,44
posting,42,0.4402,0.3637,0.514,304,43
posting,43,0.4402,0.3637,0.514,304,42
posting,44,0.4402,0.3637,0.514,304,41
posting,45,0.4402,0.3637,0.514,304,38
posting,46,0.4402,0.3637,0.514,304,37
posting,47,0.4402,0.3637,0.514,304,34
posting,48,0.4269,0.3485,0.5028,304,32
posting,49,0.3718,0.2771,0.4459,304,27
posting,50,0.3294,0.2441,0.417,304,22
posting,51,0.3294,0.2441,0.417,304,19
posting,52,0.3294,0.2441,0.417,304,18
posting,53,0.3294,0.2441,0.417,304,18
posting,54,0.3294,0.2441,0.417,304,18
posting,55,0.3294,0.2441,0.417,304,16
posting,56,0.3294,0.2441,0.417,304,13
posting,57,0.3294,0.2441,0.417,304,12
posting,58,0.3294,0.2441,0.417,304,12
posting,59,0.3294,0.2441,0.417,304,11
posting,60,0.3294,0.2441,0.417,304,8
posting,61,0.3294,0.2441,0.417,304,8
posting,62,0.3294,0.2441,0.417,304,7
posting,63,0.3294,0.2441,0.417,304,6
posting,64,0.3294,0.2441,0.417,304,6
posting,65,0.3294,0.2441,0.417,304,6
posting,66,0.3294,0.2441,0.417,304,6
posting,67,0.3294,0.2441,0.417,304,6
posting,68,0.3294,0.2441,0.417,304,4
posting,69,0.3294,0.2441,0.417,304,3
posting,70,0.3294,0.2441,0.417,304,2
posting,71,0.3294,0.2441,0.417,304,2
posting,72,0.3294,0.2441,0.417,304,2
posting,73,0.3294,0.2441,0.417,304,2
posting,74,0.3294,0.2441,0.417,304,1
posting,75,0.3294,0.2441,0.417,304,1
posting,76,0.3294,0.2441,0.417,304,1
posting,77,0.3294,0.2441,0.417,304,1
posting,78,0.3294,0.2441,0.417,304,1
posting,79,0.3294,0.2441,0.417,304,1
posting,80,0.3294,0.2441,0.417,304,1
posting,81,0.3294,0.2441,0.417,304,1
posting,82,0.3294,0.2441,0.417,304,1
posting,83,0.3294,0.2441,0.417,304,1
posting,84,0.3294,0.2441,0.417,304,1
posting,85,0.3294,0.2441,0.417,304,1
posting,86,0.3294,0.2441,0.417,304,1
posting,87,0.3294,0.2441,0.417,304,1
posting,88,0.3294,0.2441,0.417,304,1
posting,89,0.3294,0.2441,0.417,304,1
posting,90,0.3294,0.2441,0.417,304,1
posting,91,0.3294,0.2441,0.417,304,1
posting,92,0.3294,0.2441,0.417,304,1
posting,93,0.3294,0.2441,0.417,304,1
posting,94,0.3294,0.2441,0.417,304,1
posting,95,0.3294,0.2441,0.417,304,1
posting,96,0.3294,0.2441,0.417,304,1
