case,expected,score_current,stage_current,score_penalized,stage_penalized,score_v2,stage_v2,item_stage_original,item_stage_v2,missing_count,final_stage,item_v2_temperature,item_v2_spo2
정상 경계 안쪽,항목 점수 100,100.0,안정,100.0,안정,100.0,안정,안정,안정,0,안정,100.0,100.0
정상 경계 바로 밖,"재설계 항목 점수 99 이상, 원본은 50 근처",92.31,안정,69.23,주의,99.98,안정,주의,주의,0,주의,99.88,100.0
임계치 일치,"항목 상태 주의, 재설계 항목 점수 5 근처",80.0,안정,60.0,주의,81.0,안정,주의,주의,0,주의,100.0,4.98
임계치 초과 극단,"항목 점수 1 미만, 최종 단계 경고",65.0,주의,32.5,경고,65.01,주의,경고,경고,0,경고,0.04,0.0
결측 1개,"missing_count 1, 5항목으로 점수 계산",100.0,안정,100.0,안정,100.0,안정,데이터 없음,안정,1,안정,100.0,100.0
전부 결측,데이터 없음,,데이터 없음,,데이터 없음,,데이터 없음,데이터 없음,데이터 없음,6,데이터 없음,,
상방 이탈 불가 항목,항목 점수 0,80.05,안정,40.02,경고,80.0,안정,경고,경고,0,경고,100.0,0.0
단일 항목 경고,"점수 단계는 안정, 최종 단계 경고",80.0,안정,40.0,경고,80.09,안정,경고,경고,0,경고,100.0,0.47
주의만 둘,"원본 보정 후 경고, 최종 단계 주의",65.36,주의,49.02,경고,99.15,안정,주의,주의,0,주의,100.0,100.0
