item,value,score_current,score_v2
temperature,34.25,0.0158,0.058
temperature,34.2608,0.0167,0.0619
temperature,34.2717,0.0177,0.0661
temperature,34.2825,0.0186,0.0705
temperature,34.2933,0.0197,0.0752
temperature,34.3042,0.0208,0.0803
temperature,34.315,0.0219,0.0857
temperature,34.3258,0.0231,0.0914
temperature,34.3367,0.0244,0.0976
temperature,34.3475,0.0258,0.1041
temperature,34.3583,0.0272,0.1111
temperature,34.3692,0.0287,0.1186
temperature,34.38,0.0303,0.1265
temperature,34.3908,0.032,0.135
temperature,34.4017,0.0338,0.144
temperature,34.4125,0.0357,0.1537
temperature,34.4233,0.0377,0.164
temperature,34.4342,0.0398,0.175
temperature,34.445,0.042,0.1867
temperature,34.4558,0.0443,0.1993
temperature,34.4667,0.0468,0.2126
temperature,34.4775,0.0494,0.2269
temperature,34.4883,0.0521,0.2421
temperature,34.4992,0.055,0.2583
temperature,34.51,0.0581,0.2756
temperature,34.5208,0.0613,0.294
temperature,34.5317,0.0648,0.3137
temperature,34.5425,0.0684,0.3347
temperature,34.5533,0.0722,0.3571
temperature,34.5642,0.0762,0.381
temperature,34.575,0.0804,0.4065
temperature,34.5858,0.0849,0.4337
temperature,34.5967,0.0896,0.4627
temperature,34.6075,0.0946,0.4936
temperature,34.6183,0.0998,0.5266
temperature,34.6292,0.1054,0.5618
temperature,34.64,0.1113,0.5993
temperature,34.6508,0.1174,0.6393
temperature,34.6617,0.124,0.682
temperature,34.6725,0.1309,0.7275
temperature,34.6833,0.1381,0.776
temperature,34.6942,0.1458,0.8277
temperature,34.705,0.1539,0.8828
temperature,34.7158,0.1625,0.9415
temperature,34.7267,0.1715,1.0042
temperature,34.7375,0.181,1.0709
temperature,34.7483,0.1911,1.142
temperature,34.7592,0.2017,1.2179
temperature,34.77,0.2129,1.2986
temperature,34.7808,0.2247,1.3847
temperature,34.7917,0.2372,1.4764
temperature,34.8025,0.2504,1.574
temperature,34.8133,0.2643,1.6781
temperature,34.8242,0.2789,1.7888
temperature,34.835,0.2944,1.9068
temperature,34.8458,0.3107,2.0324
temperature,34.8567,0.328,2.1661
temperature,34.8675,0.3462,2.3083
temperature,34.8783,0.3654,2.4597
temperature,34.8892,0.3856,2.6208
temperature,34.9,0.407,2.7921
temperature,34.9108,0.4296,2.9743
temperature,34.9217,0.4534,3.168
temperature,34.9325,0.4785,3.374
temperature,34.9433,0.505,3.5928
temperature,34.9542,0.5329,3.8253
temperature,34.965,0.5624,4.0722
temperature,34.9758,0.5936,4.3344
temperature,34.9867,0.6264,4.6127
temperature,34.9975,0.661,4.908
temperature,35.0083,0.6976,5.2213
temperature,35.0192,0.7361,5.5534
temperature,35.03,0.7768,5.9054
temperature,35.0408,0.8196,6.2782
temperature,35.0517,0.8649,6.6731
temperature,35.0625,0.9126,7.091
temperature,35.0733,0.9629,7.533
temperature,35.0842,1.0159,8.0004
temperature,35.095,1.0719,8.4942
temperature,35.1058,1.1308,9.0157
temperature,35.1167,1.193,9.566
temperature,35.1275,1.2586,10.1463
temperature,35.1383,1.3277,10.7579
temperature,35.1492,1.4006,11.4019
temperature,35.16,1.4774,12.0796
temperature,35.1708,1.5584,12.792
temperature,35.1817,1.6437,13.5402
temperature,35.1925,1.7336,14.3255
temperature,35.2033,1.8283,15.1488
temperature,35.2142,1.9281,16.011
temperature,35.225,2.0332,16.913
temperature,35.2358,2.144,17.8557
temperature,35.2467,2.2606,18.8396
temperature,35.2575,2.3834,19.8655
temperature,35.2683,2.5128,20.9336
temperature,35.2792,2.6489,22.0442
temperature,35.29,2.7923,23.1976
temperature,35.3008,2.9431,24.3935
temperature,35.3117,3.1018,25.6317
temperature,35.3225,3.2688,26.9118
temperature,35.3333,3.4445,28.2331
temperature,35.3442,3.6293,29.5947
temperature,35.355,3.8236,30.9954
temperature,35.3658,4.0278,32.4339
temperature,35.3767,4.2425,33.9086
temperature,35.3875,4.4681,35.4175
temperature,35.3983,4.7051,36.9587
temperature,35.4092,4.954,38.5298
temperature,35.42,5.2154,40.1283
temperature,35.4308,5.4897,41.7515
temperature,35.4417,5.7776,43.3964
temperature,35.4525,6.0796,45.0598
temperature,35.4633,6.3964,46.7387
temperature,35.4742,6.7285,48.4296
temperature,35.485,7.0765,50.1289
temperature,35.4958,7.4411,51.8333
temperature,35.5067,7.8228,53.539
temperature,35.5175,8.2224,55.2425
temperature,35.5283,8.6406,56.9402
temperature,35.5392,9.0778,58.6286
temperature,35.55,9.5349,60.3042
temperature,35.5608,10.0125,61.9637
temperature,35.5717,10.5113,63.6038
temperature,35.5825,11.0318,65.2215
temperature,35.5933,11.5747,66.814
temperature,35.6042,12.1408,68.3784
temperature,35.615,12.7305,69.9123
temperature,35.6258,13.3445,71.4136
temperature,35.6367,13.9834,72.88
temperature,35.6475,14.6478,74.3099
temperature,35.6583,15.338,75.7017
temperature,35.6692,16.0547,77.0541
temperature,35.68,16.7982,78.366
temperature,35.6908,17.5689,79.6365
temperature,35.7017,18.3672,80.865
temperature,35.7125,19.1933,82.0511
temperature,35.7233,20.0474,83.1946
temperature,35.7342,20.9297,84.2954
temperature,35.745,21.8403,85.3537
temperature,35.7558,22.779,86.3698
temperature,35.7667,23.7458,87.3442
temperature,35.7775,24.7405,88.2774
temperature,35.7883,25.7628,89.1702
temperature,35.7992,26.8123,90.0234
temperature,35.81,27.8885,90.8378
temperature,35.8208,28.9908,91.6144
temperature,35.8317,30.1184,92.3543
temperature,35.8425,31.2706,93.0586
temperature,35.8533,32.4464,93.7283
temperature,35.8642,33.6447,94.3648
temperature,35.875,34.8645,94.969
temperature,35.8858,36.1045,95.5424
temperature,35.8967,37.3632,96.0859
temperature,35.9075,38.6393,96.6009
temperature,35.9183,39.9312,97.0885
temperature,35.9292,41.2372,97.5499
temperature,35.94,42.5557,97.9863
temperature,35.9508,43.8849,98.3988
temperature,35.9617,45.2229,98.7884
temperature,35.9725,46.5679,99.1564
temperature,35.9833,47.9179,99.5037
temperature,35.9942,49.2709,99.8314
temperature,36.005,100.0,100.0
temperature,36.0158,100.0,100.0
temperature,36.0267,100.0,100.0
temperature,36.0375,100.0,100.0
temperature,36.0483,100.0,100.0
temperature,36.0592,100.0,100.0
temperature,36.07,100.0,100.0
temperature,36.0808,100.0,100.0
temperature,36.0917,100.0,100.0
temperature,36.1025,100.0,100.0
temperature,36.1133,100.0,100.0
temperature,36.1242,100.0,100.0
temperature,36.135,100.0,100.0
temperature,36.1458,100.0,100.0
temperature,36.1567,100.0,100.0
temperature,36.1675,100.0,100.0
temperature,36.1783,100.0,100.0
temperature,36.1892,100.0,100.0
temperature,36.2,100.0,100.0
temperature,36.2108,100.0,100.0
temperature,36.2217,100.0,100.0
temperature,36.2325,100.0,100.0
temperature,36.2433,100.0,100.0
temperature,36.2542,100.0,100.0
temperature,36.265,100.0,100.0
temperature,36.2758,100.0,100.0
temperature,36.2867,100.0,100.0
temperature,36.2975,100.0,100.0
temperature,36.3083,100.0,100.0
temperature,36.3192,100.0,100.0
temperature,36.33,100.0,100.0
temperature,36.3408,100.0,100.0
temperature,36.3517,100.0,100.0
temperature,36.3625,100.0,100.0
temperature,36.3733,100.0,100.0
temperature,36.3842,100.0,100.0
temperature,36.395,100.0,100.0
temperature,36.4058,100.0,100.0
temperature,36.4167,100.0,100.0
temperature,36.4275,100.0,100.0
temperature,36.4383,100.0,100.0
temperature,36.4492,100.0,100.0
temperature,36.46,100.0,100.0
temperature,36.4708,100.0,100.0
temperature,36.4817,100.0,100.0
temperature,36.4925,100.0,100.0
temperature,36.5033,100.0,100.0
temperature,36.5142,100.0,100.0
temperature,36.525,100.0,100.0
temperature,36.5358,100.0,100.0
temperature,36.5467,100.0,100.0
temperature,36.5575,100.0,100.0
temperature,36.5683,100.0,100.0
temperature,36.5792,100.0,100.0
temperature,36.59,100.0,100.0
temperature,36.6008,100.0,100.0
temperature,36.6117,100.0,100.0
temperature,36.6225,100.0,100.0
temperature,36.6333,100.0,100.0
temperature,36.6442,100.0,100.0
temperature,36.655,100.0,100.0
temperature,36.6658,100.0,100.0
temperature,36.6767,100.0,100.0
temperature,36.6875,100.0,100.0
temperature,36.6983,100.0,100.0
temperature,36.7092,100.0,100.0
temperature,36.72,100.0,100.0
temperature,36.7308,100.0,100.0
temperature,36.7417,100.0,100.0
temperature,36.7525,100.0,100.0
temperature,36.7633,100.0,100.0
temperature,36.7742,100.0,100.0
temperature,36.785,100.0,100.0
temperature,36.7958,100.0,100.0
temperature,36.8067,100.0,100.0
temperature,36.8175,100.0,100.0
temperature,36.8283,100.0,100.0
temperature,36.8392,100.0,100.0
temperature,36.85,100.0,100.0
temperature,36.8608,100.0,100.0
temperature,36.8717,100.0,100.0
temperature,36.8825,100.0,100.0
temperature,36.8933,100.0,100.0
temperature,36.9042,100.0,100.0
temperature,36.915,100.0,100.0
temperature,36.9258,100.0,100.0
temperature,36.9367,100.0,100.0
temperature,36.9475,100.0,100.0
temperature,36.9583,100.0,100.0
temperature,36.9692,100.0,100.0
temperature,36.98,100.0,100.0
temperature,36.9908,100.0,100.0
temperature,37.0017,100.0,100.0
temperature,37.0125,100.0,100.0
temperature,37.0233,100.0,100.0
temperature,37.0342,100.0,100.0
temperature,37.045,100.0,100.0
temperature,37.0558,100.0,100.0
temperature,37.0667,100.0,100.0
temperature,37.0775,100.0,100.0
temperature,37.0883,100.0,100.0
temperature,37.0992,100.0,100.0
temperature,37.11,100.0,100.0
temperature,37.1208,100.0,100.0
temperature,37.1317,100.0,100.0
temperature,37.1425,100.0,100.0
temperature,37.1533,100.0,100.0
temperature,37.1642,100.0,100.0
temperature,37.175,100.0,100.0
temperature,37.1858,100.0,100.0
temperature,37.1967,100.0,100.0
temperature,37.2075,100.0,100.0
temperature,37.2183,100.0,100.0
temperature,37.2292,100.0,100.0
temperature,37.24,100.0,100.0
temperature,37.2508,100.0,100.0
temperature,37.2617,100.0,100.0
temperature,37.2725,100.0,100.0
temperature,37.2833,100.0,100.0
temperature,37.2942,100.0,100.0
temperature,37.305,100.0,100.0
temperature,37.3158,100.0,100.0
temperature,37.3267,100.0,100.0
temperature,37.3375,100.0,100.0
temperature,37.3483,100.0,100.0
temperature,37.3592,100.0,100.0
temperature,37.37,100.0,100.0
temperature,37.3808,100.0,100.0
temperature,37.3917,100.0,100.0
temperature,37.4025,100.0,100.0
temperature,37.4133,100.0,100.0
temperature,37.4242,100.0,100.0
temperature,37.435,100.0,100.0
temperature,37.4458,100.0,100.0
temperature,37.4567,100.0,100.0
temperature,37.4675,100.0,100.0
temperature,37.4783,100.0,100.0
temperature,37.4892,100.0,100.0
temperature,37.5,100.0,100.0
temperature,37.5108,48.6462,99.8752
temperature,37.5217,47.2943,99.7475
temperature,37.5325,45.9464,99.6167
temperature,37.5433,44.6044,99.4829
temperature,37.5542,43.2703,99.3459
temperature,37.565,41.9458,99.2057
temperature,37.5758,40.6328,99.0622
temperature,37.5867,39.3331,98.9153
temperature,37.5975,38.0483,98.7651
temperature,37.6083,36.78,98.6113
temperature,37.6192,35.5298,98.454
temperature,37.63,34.299,98.2931
temperature,37.6408,33.0889,98.1285
temperature,37.6517,31.9008,97.9601
temperature,37.6625,30.7358,97.7879
temperature,37.6733,29.5948,97.6118
temperature,37.6842,28.4788,97.4317
temperature,37.695,27.3885,97.2475
temperature,37.7058,26.3246,97.0593
temperature,37.7167,25.2876,96.8668
temperature,37.7275,24.278,96.67
temperature,37.7383,23.2961,96.4689
temperature,37.7492,22.3422,96.2633
temperature,37.76,21.4165,96.0533
temperature,37.7708,20.519,95.8387
temperature,37.7817,19.6497,95.6194
temperature,37.7925,18.8085,95.3953
temperature,37.8033,17.9953,95.1665
temperature,37.8142,17.2098,94.9328
temperature,37.825,16.4516,94.6941
temperature,37.8358,15.7206,94.4503
temperature,37.8467,15.0162,94.2015
temperature,37.8575,14.338,93.9474
temperature,37.8683,13.6854,93.6881
temperature,37.8792,13.0581,93.4234
temperature,37.89,12.4553,93.1533
temperature,37.9008,11.8766,92.8778
temperature,37.9117,11.3213,92.5966
temperature,37.9225,10.7888,92.3098
temperature,37.9333,10.2784,92.0173
temperature,37.9442,9.7895,91.719
temperature,37.955,9.3215,91.4149
temperature,37.9658,8.8736,91.1048
temperature,37.9767,8.4452,90.7887
temperature,37.9875,8.0357,90.4666
temperature,37.9983,7.6444,90.1384
temperature,38.0092,7.2707,89.804
temperature,38.02,6.9138,89.4634
temperature,38.0308,6.5733,89.1164
temperature,38.0417,6.2483,88.7631
temperature,38.0525,5.9385,88.4035
temperature,38.0633,5.643,88.0373
temperature,38.0742,5.3614,87.6646
temperature,38.085,5.0931,87.2854
temperature,38.0958,4.8376,86.8997
temperature,38.1067,4.5942,86.5072
temperature,38.1175,4.3626,86.1081
temperature,38.1283,4.1421,85.7023
temperature,38.1392,3.9323,85.2898
temperature,38.15,3.7327,84.8705
temperature,38.1608,3.5429,84.4445
temperature,38.1717,3.3623,84.0116
temperature,38.1825,3.1907,83.5719
temperature,38.1933,3.0276,83.1254
temperature,38.2042,2.8725,82.6721
temperature,38.215,2.7252,82.212
temperature,38.2258,2.5852,81.745
temperature,38.2367,2.4523,81.2712
temperature,38.2475,2.326,80.7906
temperature,38.2583,2.206,80.3032
temperature,38.2692,2.0922,79.8091
temperature,38.28,1.984,79.3082
temperature,38.2908,1.8814,78.8007
temperature,38.3017,1.784,78.2864
temperature,38.3125,1.6915,77.7656
temperature,38.3233,1.6037,77.2382
temperature,38.3342,1.5205,76.7043
temperature,38.345,1.4415,76.1639
temperature,38.3558,1.3665,75.6172
temperature,38.3667,1.2954,75.0642
temperature,38.3775,1.2279,74.505
temperature,38.3883,1.1639,73.9396
temperature,38.3992,1.1032,73.3682
temperature,38.41,1.0457,72.7908
temperature,38.4208,0.9911,72.2076
temperature,38.4317,0.9393,71.6187
temperature,38.4425,0.8902,71.0242
temperature,38.4533,0.8437,70.4242
temperature,38.4642,0.7996,69.8189
temperature,38.475,0.7577,69.2083
temperature,38.4858,0.7181,68.5927
temperature,38.4967,0.6805,67.9721
temperature,38.5075,0.6448,67.3467
temperature,38.5183,0.611,66.7168
temperature,38.5292,0.579,66.0823
temperature,38.54,0.5486,65.4436
temperature,38.5508,0.5199,64.8008
temperature,38.5617,0.4926,64.154
temperature,38.5725,0.4667,63.5035
temperature,38.5833,0.4422,62.8495
temperature,38.5942,0.419,62.192
temperature,38.605,0.397,61.5314
temperature,38.6158,0.3762,60.8679
temperature,38.6267,0.3564,60.2016
temperature,38.6375,0.3377,59.5327
temperature,38.6483,0.3199,58.8615
temperature,38.6592,0.3031,58.1881
temperature,38.67,0.2872,57.5129
temperature,38.6808,0.2721,56.836
temperature,38.6917,0.2578,56.1576
temperature,38.7025,0.2442,55.478
temperature,38.7133,0.2314,54.7974
temperature,38.7242,0.2192,54.116
temperature,38.735,0.2076,53.4341
temperature,38.7458,0.1967,52.7518
temperature,38.7567,0.1864,52.0694
temperature,38.7675,0.1766,51.3872
temperature,38.7783,0.1673,50.7054
temperature,38.7892,0.1585,50.0242
temperature,38.8,0.1501,49.3438
temperature,38.8108,0.1422,48.6644
temperature,38.8217,0.1347,47.9864
temperature,38.8325,0.1276,47.3098
temperature,38.8433,0.1209,46.635
temperature,38.8542,0.1145,45.9621
temperature,38.865,0.1085,45.2915
temperature,38.8758,0.1028,44.6232
temperature,38.8867,0.0974,43.9575
temperature,38.8975,0.0923,43.2946
temperature,38.9083,0.0874,42.6347
temperature,38.9192,0.0828,41.978
temperature,38.93,0.0784,41.3247
temperature,38.9408,0.0743,40.6751
temperature,38.9517,0.0704,40.0292
temperature,38.9625,0.0667,39.3873
temperature,38.9733,0.0632,38.7496
temperature,38.9842,0.0598,38.1162
temperature,38.995,0.0567,37.4873
temperature,39.0058,0.0537,36.863
temperature,39.0167,0.0509,36.2435
temperature,39.0275,0.0482,35.629
temperature,39.0383,0.0456,35.0197
temperature,39.0492,0.0432,34.4155
temperature,39.06,0.041,33.8168
temperature,39.0708,0.0388,33.2236
temperature,39.0817,0.0368,32.636
temperature,39.0925,0.0348,32.0541
temperature,39.1033,0.033,31.4781
temperature,39.1142,0.0312,30.9081
temperature,39.125,0.0296,30.3441
temperature,39.1358,0.028,29.7863
temperature,39.1467,0.0266,29.2348
temperature,39.1575,0.0252,28.6895
temperature,39.1683,0.0238,28.1506
temperature,39.1792,0.0226,27.6182
temperature,39.19,0.0214,27.0923
temperature,39.2008,0.0203,26.573
temperature,39.2117,0.0192,26.0603
temperature,39.2225,0.0182,25.5543
temperature,39.2333,0.0172,25.055
temperature,39.2442,0.0163,24.5624
temperature,39.255,0.0155,24.0766
temperature,39.2658,0.0146,23.5976
temperature,39.2767,0.0139,23.1253
temperature,39.2875,0.0131,22.6599
temperature,39.2983,0.0124,22.2014
temperature,39.3092,0.0118,21.7496
temperature,39.32,0.0112,21.3047
temperature,39.3308,0.0106,20.8666
temperature,39.3417,0.01,20.4353
temperature,39.3525,0.0095,20.0108
temperature,39.3633,0.009,19.5931
temperature,39.3742,0.0085,19.1821
temperature,39.385,0.0081,18.7779
temperature,39.3958,0.0076,18.3803
temperature,39.4067,0.0072,17.9894
temperature,39.4175,0.0069,17.6052
temperature,39.4283,0.0065,17.2275
temperature,39.4392,0.0062,16.8563
temperature,39.45,0.0058,16.4917
temperature,39.4608,0.0055,16.1335
temperature,39.4717,0.0052,15.7817
temperature,39.4825,0.005,15.4362
temperature,39.4933,0.0047,15.097
temperature,39.5042,0.0044,14.764
temperature,39.515,0.0042,14.4372
temperature,39.5258,0.004,14.1165
temperature,39.5367,0.0038,13.8018
temperature,39.5475,0.0036,13.4931
temperature,39.5583,0.0034,13.1903
temperature,39.5692,0.0032,12.8934
temperature,39.58,0.003,12.6022
temperature,39.5908,0.0029,12.3167
temperature,39.6017,0.0027,12.0369
temperature,39.6125,0.0026,11.7626
temperature,39.6233,0.0025,11.4937
temperature,39.6342,0.0023,11.2303
temperature,39.645,0.0022,10.9722
temperature,39.6558,0.0021,10.7193
temperature,39.6667,0.002,10.4717
temperature,39.6775,0.0019,10.2291
temperature,39.6883,0.0018,9.9916
temperature,39.6992,0.0017,9.759
temperature,39.71,0.0016,9.5313
temperature,39.7208,0.0015,9.3083
temperature,39.7317,0.0014,9.0901
temperature,39.7425,0.0014,8.8765
temperature,39.7533,0.0013,8.6675
temperature,39.7642,0.0012,8.463
temperature,39.775,0.0011,8.2629
temperature,39.7858,0.0011,8.0671
temperature,39.7967,0.001,7.8756
temperature,39.8075,0.001,7.6883
temperature,39.8183,0.0009,7.5051
temperature,39.8292,0.0009,7.3259
temperature,39.84,0.0008,7.1507
temperature,39.8508,0.0008,6.9794
temperature,39.8617,0.0007,6.8119
temperature,39.8725,0.0007,6.6481
temperature,39.8833,0.0007,6.488
temperature,39.8942,0.0006,6.3316
temperature,39.905,0.0006,6.1786
temperature,39.9158,0.0006,6.0292
temperature,39.9267,0.0005,5.8831
temperature,39.9375,0.0005,5.7404
temperature,39.9483,0.0005,5.6009
temperature,39.9592,0.0005,5.4646
temperature,39.97,0.0004,5.3315
temperature,39.9808,0.0004,5.2015
temperature,39.9917,0.0004,5.0744
temperature,40.0025,0.0004,4.9503
temperature,40.0133,0.0003,4.8291
temperature,40.0242,0.0003,4.7107
temperature,40.035,0.0003,4.5951
temperature,40.0458,0.0003,4.4822
temperature,40.0567,0.0003,4.372
temperature,40.0675,0.0003,4.2643
temperature,40.0783,0.0003,4.1592
temperature,40.0892,0.0002,4.0566
temperature,40.1,0.0002,3.9564
temperature,40.1108,0.0002,3.8586
temperature,40.1217,0.0002,3.7631
temperature,40.1325,0.0002,3.6699
temperature,40.1433,0.0002,3.579
temperature,40.1542,0.0002,3.4902
temperature,40.165,0.0002,3.4035
temperature,40.1758,0.0002,3.3189
temperature,40.1867,0.0001,3.2363
temperature,40.1975,0.0001,3.1558
temperature,40.2083,0.0001,3.0772
temperature,40.2192,0.0001,3.0004
temperature,40.23,0.0001,2.9256
temperature,40.2408,0.0001,2.8525
temperature,40.2517,0.0001,2.7813
temperature,40.2625,0.0001,2.7117
temperature,40.2733,0.0001,2.6439
temperature,40.2842,0.0001,2.5777
temperature,40.295,0.0001,2.5131
temperature,40.3058,0.0001,2.4501
temperature,40.3167,0.0001,2.3887
temperature,40.3275,0.0001,2.3287
temperature,40.3383,0.0001,2.2703
temperature,40.3492,0.0001,2.2132
temperature,40.36,0.0001,2.1576
temperature,40.3708,0.0001,2.1033
temperature,40.3817,0.0001,2.0504
temperature,40.3925,0.0001,1.9988
temperature,40.4033,0.0,1.9484
temperature,40.4142,0.0,1.8993
temperature,40.425,0.0,1.8514
temperature,40.4358,0.0,1.8047
temperature,40.4467,0.0,1.7592
temperature,40.4575,0.0,1.7148
temperature,40.4683,0.0,1.6715
temperature,40.4792,0.0,1.6292
temperature,40.49,0.0,1.5881
temperature,40.5008,0.0,1.5479
temperature,40.5117,0.0,1.5087
temperature,40.5225,0.0,1.4706
temperature,40.5333,0.0,1.4333
temperature,40.5442,0.0,1.397
temperature,40.555,0.0,1.3617
temperature,40.5658,0.0,1.3272
temperature,40.5767,0.0,1.2935
temperature,40.5875,0.0,1.2607
temperature,40.5983,0.0,1.2287
temperature,40.6092,0.0,1.1976
temperature,40.62,0.0,1.1672
temperature,40.6308,0.0,1.1375
temperature,40.6417,0.0,1.1086
temperature,40.6525,0.0,1.0805
temperature,40.6633,0.0,1.053
temperature,40.6742,0.0,1.0263
temperature,40.685,0.0,1.0002
temperature,40.6958,0.0,0.9748
temperature,40.7067,0.0,0.95
temperature,40.7175,0.0,0.9258
temperature,40.7283,0.0,0.9022
temperature,40.7392,0.0,0.8793
temperature,40.75,0.0,0.8569
pulse,15.0,0.0,0.0
pulse,15.2583,0.0,0.0
pulse,15.5167,0.0,0.0
pulse,15.775,0.0,0.0
pulse,16.0333,0.0,0.0
pulse,16.2917,0.0,0.0
pulse,16.55,0.0,0.0
pulse,16.8083,0.0,0.0
pulse,17.0667,0.0,0.0
pulse,17.325,0.0,0.0
pulse,17.5833,0.0,0.0
pulse,17.8417,0.0,0.0
pulse,18.1,0.0,0.0
pulse,18.3583,0.0,0.0
pulse,18.6167,0.0,0.0
pulse,18.875,0.0,0.0
pulse,19.1333,0.0,0.0
pulse,19.3917,0.0,0.0
pulse,19.65,0.0,0.0
pulse,19.9083,0.0,0.0
pulse,20.1667,0.0,0.0
pulse,20.425,0.0,0.0
pulse,20.6833,0.0,0.0
pulse,20.9417,0.0,0.0001
pulse,21.2,0.0,0.0001
pulse,21.4583,0.0,0.0001
pulse,21.7167,0.0,0.0001
pulse,21.975,0.0,0.0001
pulse,22.2333,0.0,0.0001
pulse,22.4917,0.0,0.0001
pulse,22.75,0.0,0.0002
pulse,23.0083,0.0,0.0002
pulse,23.2667,0.0,0.0002
pulse,23.525,0.0,0.0003
pulse,23.7833,0.0,0.0003
pulse,24.0417,0.0,0.0004
pulse,24.3,0.0,0.0004
pulse,24.5583,0.0,0.0005
pulse,24.8167,0.0,0.0006
pulse,25.075,0.0,0.0007
pulse,25.3333,0.0,0.0008
pulse,25.5917,0.0,0.0009
pulse,25.85,0.0,0.0011
pulse,26.1083,0.0,0.0013
pulse,26.3667,0.0,0.0015
pulse,26.625,0.0,0.0017
pulse,26.8833,0.0,0.002
pulse,27.1417,0.0,0.0023
pulse,27.4,0.0,0.0027
pulse,27.6583,0.0,0.0032
pulse,27.9167,0.0,0.0037
pulse,28.175,0.0,0.0043
pulse,28.4333,0.0,0.0051
pulse,28.6917,0.0,0.0059
pulse,28.95,0.0,0.0069
pulse,29.2083,0.0,0.0081
pulse,29.4667,0.0,0.0094
pulse,29.725,0.0,0.011
pulse,29.9833,0.0,0.0128
pulse,30.2417,0.0,0.015
pulse,30.5,0.0,0.0175
pulse,30.7583,0.0,0.0204
pulse,31.0167,0.0,0.0238
pulse,31.275,0.0,0.0278
pulse,31.5333,0.0,0.0325
pulse,31.7917,0.0,0.0379
pulse,32.05,0.0,0.0443
pulse,32.3083,0.0,0.0517
pulse,32.5667,0.0,0.0604
pulse,32.825,0.0,0.0705
pulse,33.0833,0.0,0.0823
pulse,33.3417,0.0,0.0961
pulse,33.6,0.0,0.1122
pulse,33.8583,0.0,0.131
pulse,34.1167,0.0,0.1529
pulse,34.375,0.0,0.1785
pulse,34.6333,0.0,0.2084
pulse,34.8917,0.0,0.2433
pulse,35.15,0.0,0.284
pulse,35.4083,0.0,0.3314
pulse,35.6667,0.0,0.3868
pulse,35.925,0.0,0.4513
pulse,36.1833,0.0,0.5266
pulse,36.4417,0.0,0.6144
pulse,36.7,0.0,0.7167
pulse,36.9583,0.0,0.8359
pulse,37.2167,0.0,0.9748
pulse,37.475,0.0,1.1364
pulse,37.7333,0.0,1.3245
pulse,37.9917,0.0,1.5433
pulse,38.25,0.0,1.7977
pulse,38.5083,0.0,2.093
pulse,38.7667,0.0,2.4358
pulse,39.025,0.0,2.8332
pulse,39.2833,0.0,3.2933
pulse,39.5417,0.0,3.8253
pulse,39.8,0.0,4.4395
pulse,40.0583,0.0,5.1474
pulse,40.3167,0.0,5.9613
pulse,40.575,0.0,6.8952
pulse,40.8333,0.0,7.9635
pulse,41.0917,0.0,9.1819
pulse,41.35,0.0,10.5663
pulse,41.6083,0.0,12.1331
pulse,41.8667,0.0,13.898
pulse,42.125,0.0,15.8757
pulse,42.3833,0.0,18.0791
pulse,42.6417,0.0,20.5177
pulse,42.9,0.0,23.1976
pulse,43.1583,0.0,26.1191
pulse,43.4167,0.0,29.277
pulse,43.675,0.0,32.6585
pulse,43.9333,0.0,36.2435
pulse,44.1917,0.0,40.0045
pulse,44.45,0.0,43.9064
pulse,44.7083,0.0,47.9082
pulse,44.9667,0.0,51.9645
pulse,45.225,0.0,56.027
pulse,45.4833,0.0,60.0474
pulse,45.7417,0.0,63.9793
pulse,46.0,0.0,67.7802
pulse,46.2583,0.0,71.4136
pulse,46.5167,0.0001,74.8498
pulse,46.775,0.0002,78.0669
pulse,47.0333,0.0007,81.0502
pulse,47.2917,0.002,83.7926
pulse,47.55,0.0055,86.2932
pulse,47.8083,0.0156,88.5564
pulse,48.0667,0.0438,90.5912
pulse,48.325,0.1229,92.4097
pulse,48.5833,0.3447,94.0261
pulse,48.8417,0.9629,95.4561
pulse,49.1,2.6597,96.7158
pulse,49.3583,7.1315,97.8213
pulse,49.6167,17.7507,98.7884
pulse,49.875,37.7541,99.632
pulse,50.1333,100.0,100.0
pulse,50.3917,100.0,100.0
pulse,50.65,100.0,100.0
pulse,50.9083,100.0,100.0
pulse,51.1667,100.0,100.0
pulse,51.425,100.0,100.0
pulse,51.6833,100.0,100.0
pulse,51.9417,100.0,100.0
pulse,52.2,100.0,100.0
pulse,52.4583,100.0,100.0
pulse,52.7167,100.0,100.0
pulse,52.975,100.0,100.0
pulse,53.2333,100.0,100.0
pulse,53.4917,100.0,100.0
pulse,53.75,100.0,100.0
pulse,54.0083,100.0,100.0
pulse,54.2667,100.0,100.0
pulse,54.525,100.0,100.0
pulse,54.7833,100.0,100.0
pulse,55.0417,100.0,100.0
pulse,55.3,100.0,100.0
pulse,55.5583,100.0,100.0
pulse,55.8167,100.0,100.0
pulse,56.075,100.0,100.0
pulse,56.3333,100.0,100.0
pulse,56.5917,100.0,100.0
pulse,56.85,100.0,100.0
pulse,57.1083,100.0,100.0
pulse,57.3667,100.0,100.0
pulse,57.625,100.0,100.0
pulse,57.8833,100.0,100.0
pulse,58.1417,100.0,100.0
pulse,58.4,100.0,100.0
pulse,58.6583,100.0,100.0
pulse,58.9167,100.0,100.0
pulse,59.175,100.0,100.0
pulse,59.4333,100.0,100.0
pulse,59.6917,100.0,100.0
pulse,59.95,100.0,100.0
pulse,60.2083,100.0,100.0
pulse,60.4667,100.0,100.0
pulse,60.725,100.0,100.0
pulse,60.9833,100.0,100.0
pulse,61.2417,100.0,100.0
pulse,61.5,100.0,100.0
pulse,61.7583,100.0,100.0
pulse,62.0167,100.0,100.0
pulse,62.275,100.0,100.0
pulse,62.5333,100.0,100.0
pulse,62.7917,100.0,100.0
pulse,63.05,100.0,100.0
pulse,63.3083,100.0,100.0
pulse,63.5667,100.0,100.0
pulse,63.825,100.0,100.0
pulse,64.0833,100.0,100.0
pulse,64.3417,100.0,100.0
pulse,64.6,100.0,100.0
pulse,64.8583,100.0,100.0
pulse,65.1167,100.0,100.0
pulse,65.375,100.0,100.0
pulse,65.6333,100.0,100.0
pulse,65.8917,100.0,100.0
pulse,66.15,100.0,100.0
pulse,66.4083,100.0,100.0
pulse,66.6667,100.0,100.0
pulse,66.925,100.0,100.0
pulse,67.1833,100.0,100.0
pulse,67.4417,100.0,100.0
pulse,67.7,100.0,100.0
pulse,67.9583,100.0,100.0
pulse,68.2167,100.0,100.0
pulse,68.475,100.0,100.0
pulse,68.7333,100.0,100.0
pulse,68.9917,100.0,100.0
pulse,69.25,100.0,100.0
pulse,69.5083,100.0,100.0
pulse,69.7667,100.0,100.0
pulse,70.025,100.0,100.0
pulse,70.2833,100.0,100.0
pulse,70.5417,100.0,100.0
pulse,70.8,100.0,100.0
pulse,71.0583,100.0,100.0
pulse,71.3167,100.0,100.0
pulse,71.575,100.0,100.0
pulse,71.8333,100.0,100.0
pulse,72.0917,100.0,100.0
pulse,72.35,100.0,100.0
pulse,72.6083,100.0,100.0
pulse,72.8667,100.0,100.0
pulse,73.125,100.0,100.0
pulse,73.3833,100.0,100.0
pulse,73.6417,100.0,100.0
pulse,73.9,100.0,100.0
pulse,74.1583,100.0,100.0
pulse,74.4167,100.0,100.0
pulse,74.675,100.0,100.0
pulse,74.9333,100.0,100.0
pulse,75.1917,100.0,100.0
pulse,75.45,100.0,100.0
pulse,75.7083,100.0,100.0
pulse,75.9667,100.0,100.0
pulse,76.225,100.0,100.0
pulse,76.4833,100.0,100.0
pulse,76.7417,100.0,100.0
pulse,77.0,100.0,100.0
pulse,77.2583,100.0,100.0
pulse,77.5167,100.0,100.0
pulse,77.775,100.0,100.0
pulse,78.0333,100.0,100.0
pulse,78.2917,100.0,100.0
pulse,78.55,100.0,100.0
pulse,78.8083,100.0,100.0
pulse,79.0667,100.0,100.0
pulse,79.325,100.0,100.0
pulse,79.5833,100.0,100.0
pulse,79.8417,100.0,100.0
pulse,80.1,100.0,100.0
pulse,80.3583,100.0,100.0
pulse,80.6167,100.0,100.0
pulse,80.875,100.0,100.0
pulse,81.1333,100.0,100.0
pulse,81.3917,100.0,100.0
pulse,81.65,100.0,100.0
pulse,81.9083,100.0,100.0
pulse,82.1667,100.0,100.0
pulse,82.425,100.0,100.0
pulse,82.6833,100.0,100.0
pulse,82.9417,100.0,100.0
pulse,83.2,100.0,100.0
pulse,83.4583,100.0,100.0
pulse,83.7167,100.0,100.0
pulse,83.975,100.0,100.0
pulse,84.2333,100.0,100.0
pulse,84.4917,100.0,100.0
pulse,84.75,100.0,100.0
pulse,85.0083,100.0,100.0
pulse,85.2667,100.0,100.0
pulse,85.525,100.0,100.0
pulse,85.7833,100.0,100.0
pulse,86.0417,100.0,100.0
pulse,86.3,100.0,100.0
pulse,86.5583,100.0,100.0
pulse,86.8167,100.0,100.0
pulse,87.075,100.0,100.0
pulse,87.3333,100.0,100.0
pulse,87.5917,100.0,100.0
pulse,87.85,100.0,100.0
pulse,88.1083,100.0,100.0
pulse,88.3667,100.0,100.0
pulse,88.625,100.0,100.0
pulse,88.8833,100.0,100.0
pulse,89.1417,100.0,100.0
pulse,89.4,100.0,100.0
pulse,89.6583,100.0,100.0
pulse,89.9167,100.0,100.0
pulse,90.175,100.0,100.0
pulse,90.4333,100.0,100.0
pulse,90.6917,100.0,100.0
pulse,90.95,100.0,100.0
pulse,91.2083,100.0,100.0
pulse,91.4667,100.0,100.0
pulse,91.725,100.0,100.0
pulse,91.9833,100.0,100.0
pulse,92.2417,100.0,100.0
pulse,92.5,100.0,100.0
pulse,92.7583,100.0,100.0
pulse,93.0167,100.0,100.0
pulse,93.275,100.0,100.0
pulse,93.5333,100.0,100.0
pulse,93.7917,100.0,100.0
pulse,94.05,100.0,100.0
pulse,94.3083,100.0,100.0
pulse,94.5667,100.0,100.0
pulse,94.825,100.0,100.0
pulse,95.0833,100.0,100.0
pulse,95.3417,100.0,100.0
pulse,95.6,100.0,100.0
pulse,95.8583,100.0,100.0
pulse,96.1167,100.0,100.0
pulse,96.375,100.0,100.0
pulse,96.6333,100.0,100.0
pulse,96.8917,100.0,100.0
pulse,97.15,100.0,100.0
pulse,97.4083,100.0,100.0
pulse,97.6667,100.0,100.0
pulse,97.925,100.0,100.0
pulse,98.1833,100.0,100.0
pulse,98.4417,100.0,100.0
pulse,98.7,100.0,100.0
pulse,98.9583,100.0,100.0
pulse,99.2167,100.0,100.0
pulse,99.475,100.0,100.0
pulse,99.7333,100.0,100.0
pulse,99.9917,100.0,100.0
pulse,100.25,26.8941,99.8395
pulse,100.5083,11.5747,99.6685
pulse,100.7667,4.4503,99.4921
pulse,101.025,1.6302,99.3103
pulse,101.2833,0.5862,99.1227
pulse,101.5417,0.2094,98.9293
pulse,101.8,0.0746,98.7299
pulse,102.0583,0.0266,98.5244
pulse,102.3167,0.0095,98.3126
pulse,102.575,0.0034,98.0943
pulse,102.8333,0.0012,97.8694
pulse,103.0917,0.0004,97.6376
pulse,103.35,0.0002,97.3989
pulse,103.6083,0.0001,97.1531
pulse,103.8667,0.0,96.9
pulse,104.125,0.0,96.6394
pulse,104.3833,0.0,96.3711
pulse,104.6417,0.0,96.0949
pulse,104.9,0.0,95.8108
pulse,105.1583,0.0,95.5185
pulse,105.4167,0.0,95.2178
pulse,105.675,0.0,94.9085
pulse,105.9333,0.0,94.5905
pulse,106.1917,0.0,94.2636
pulse,106.45,0.0,93.9277
pulse,106.7083,0.0,93.5824
pulse,106.9667,0.0,93.2278
pulse,107.225,0.0,92.8635
pulse,107.4833,0.0,92.4894
pulse,107.7417,0.0,92.1054
pulse,108.0,0.0,91.7113
pulse,108.2583,0.0,91.3069
pulse,108.5167,0.0,90.892
pulse,108.775,0.0,90.4666
pulse,109.0333,0.0,90.0305
pulse,109.2917,0.0,89.5834
pulse,109.55,0.0,89.1254
pulse,109.8083,0.0,88.6562
pulse,110.0667,0.0,88.1758
pulse,110.325,0.0,87.6839
pulse,110.5833,0.0,87.1806
pulse,110.8417,0.0,86.6657
pulse,111.1,0.0,86.1391
pulse,111.3583,0.0,85.6007
pulse,111.6167,0.0,85.0505
pulse,111.875,0.0,84.4885
pulse,112.1333,0.0,83.9145
pulse,112.3917,0.0,83.3285
pulse,112.65,0.0,82.7306
pulse,112.9083,0.0,82.1207
pulse,113.1667,0.0,81.4988
pulse,113.425,0.0,80.865
pulse,113.6833,0.0,80.2192
pulse,113.9417,0.0,79.5616
pulse,114.2,0.0,78.8922
pulse,114.4583,0.0,78.2112
pulse,114.7167,0.0,77.5185
pulse,114.975,0.0,76.8143
pulse,115.2333,0.0,76.0989
pulse,115.4917,0.0,75.3722
pulse,115.75,0.0,74.6346
pulse,116.0083,0.0,73.8861
pulse,116.2667,0.0,73.1271
pulse,116.525,0.0,72.3577
pulse,116.7833,0.0,71.5783
pulse,117.0417,0.0,70.789
pulse,117.3,0.0,69.9901
pulse,117.5583,0.0,69.1821
pulse,117.8167,0.0,68.3651
pulse,118.075,0.0,67.5396
pulse,118.3333,0.0,66.7059
pulse,118.5917,0.0,65.8644
pulse,118.85,0.0,65.0155
pulse,119.1083,0.0,64.1596
pulse,119.3667,0.0,63.2971
pulse,119.625,0.0,62.4284
pulse,119.8833,0.0,61.5541
pulse,120.1417,0.0,60.6745
pulse,120.4,0.0,59.7902
pulse,120.6583,0.0,58.9017
pulse,120.9167,0.0,58.0094
pulse,121.175,0.0,57.1139
pulse,121.4333,0.0,56.2157
pulse,121.6917,0.0,55.3152
pulse,121.95,0.0,54.4131
pulse,122.2083,0.0,53.5099
pulse,122.4667,0.0,52.606
pulse,122.725,0.0,51.7021
pulse,122.9833,0.0,50.7986
pulse,123.2417,0.0,49.8962
pulse,123.5,0.0,48.9952
pulse,123.7583,0.0,48.0964
pulse,124.0167,0.0,47.2001
pulse,124.275,0.0,46.3069
pulse,124.5333,0.0,45.4174
pulse,124.7917,0.0,44.532
pulse,125.05,0.0,43.6511
pulse,125.3083,0.0,42.7754
pulse,125.5667,0.0,41.9053
pulse,125.825,0.0,41.0411
pulse,126.0833,0.0,40.1834
pulse,126.3417,0.0,39.3327
pulse,126.6,0.0,38.4892
pulse,126.8583,0.0,37.6534
pulse,127.1167,0.0,36.8258
pulse,127.375,0.0,36.0066
pulse,127.6333,0.0,35.1962
pulse,127.8917,0.0,34.395
pulse,128.15,0.0,33.6032
pulse,128.4083,0.0,32.8212
pulse,128.6667,0.0,32.0492
pulse,128.925,0.0,31.2875
pulse,129.1833,0.0,30.5363
pulse,129.4417,0.0,29.7958
pulse,129.7,0.0,29.0663
pulse,129.9583,0.0,28.3479
pulse,130.2167,0.0,27.6408
pulse,130.475,0.0,26.9452
pulse,130.7333,0.0,26.2611
pulse,130.9917,0.0,25.5887
pulse,131.25,0.0,24.928
pulse,131.5083,0.0,24.2792
pulse,131.7667,0.0,23.6423
pulse,132.025,0.0,23.0173
pulse,132.2833,0.0,22.4043
pulse,132.5417,0.0,21.8033
pulse,132.8,0.0,21.2143
pulse,133.0583,0.0,20.6372
pulse,133.3167,0.0,20.0721
pulse,133.575,0.0,19.5188
pulse,133.8333,0.0,18.9774
pulse,134.0917,0.0,18.4478
pulse,134.35,0.0,17.9299
pulse,134.6083,0.0,17.4236
pulse,134.8667,0.0,16.9288
pulse,135.125,0.0,16.4454
pulse,135.3833,0.0,15.9733
pulse,135.6417,0.0,15.5124
pulse,135.9,0.0,15.0625
pulse,136.1583,0.0,14.6236
pulse,136.4167,0.0,14.1954
pulse,136.675,0.0,13.7779
pulse,136.9333,0.0,13.3708
pulse,137.1917,0.0,12.974
pulse,137.45,0.0,12.5874
pulse,137.7083,0.0,12.2108
pulse,137.9667,0.0,11.844
pulse,138.225,0.0,11.4869
pulse,138.4833,0.0,11.1392
pulse,138.7417,0.0,10.8009
pulse,139.0,0.0,10.4717
pulse,139.2583,0.0,10.1514
pulse,139.5167,0.0,9.8399
pulse,139.775,0.0,9.537
pulse,140.0333,0.0,9.2426
pulse,140.2917,0.0,8.9563
pulse,140.55,0.0,8.6781
pulse,140.8083,0.0,8.4079
pulse,141.0667,0.0,8.1453
pulse,141.325,0.0,7.8902
pulse,141.5833,0.0,7.6425
pulse,141.8417,0.0,7.402
pulse,142.1,0.0,7.1685
pulse,142.3583,0.0,6.9418
pulse,142.6167,0.0,6.7218
pulse,142.875,0.0,6.5084
pulse,143.1333,0.0,6.3012
pulse,143.3917,0.0,6.1003
pulse,143.65,0.0,5.9054
pulse,143.9083,0.0,5.7163
pulse,144.1667,0.0,5.533
pulse,144.425,0.0,5.3552
pulse,144.6833,0.0,5.1828
pulse,144.9417,0.0,5.0157
pulse,145.2,0.0,4.8538
pulse,145.4583,0.0,4.6968
pulse,145.7167,0.0,4.5446
pulse,145.975,0.0,4.3972
pulse,146.2333,0.0,4.2544
pulse,146.4917,0.0,4.116
pulse,146.75,0.0,3.9819
pulse,147.0083,0.0,3.852
pulse,147.2667,0.0,3.7262
pulse,147.525,0.0,3.6044
pulse,147.7833,0.0,3.4864
pulse,148.0417,0.0,3.3722
pulse,148.3,0.0,3.2615
pulse,148.5583,0.0,3.1544
pulse,148.8167,0.0,3.0507
pulse,149.075,0.0,2.9503
pulse,149.3333,0.0,2.8532
pulse,149.5917,0.0,2.7591
pulse,149.85,0.0,2.668
pulse,150.1083,0.0,2.5799
pulse,150.3667,0.0,2.4947
pulse,150.625,0.0,2.4121
pulse,150.8833,0.0,2.3323
pulse,151.1417,0.0,2.255
pulse,151.4,0.0,2.1802
pulse,151.6583,0.0,2.1079
pulse,151.9167,0.0,2.0379
pulse,152.175,0.0,1.9702
pulse,152.4333,0.0,1.9047
pulse,152.6917,0.0,1.8414
pulse,152.95,0.0,1.7801
pulse,153.2083,0.0,1.7208
pulse,153.4667,0.0,1.6635
pulse,153.725,0.0,1.608
pulse,153.9833,0.0,1.5544
pulse,154.2417,0.0,1.5025
pulse,154.5,0.0,1.4523
pulse,154.7583,0.0,1.4038
pulse,155.0167,0.0,1.3569
pulse,155.275,0.0,1.3115
pulse,155.5333,0.0,1.2676
pulse,155.7917,0.0,1.2252
pulse,156.05,0.0,1.1842
pulse,156.3083,0.0,1.1446
pulse,156.5667,0.0,1.1062
pulse,156.825,0.0,1.0691
pulse,157.0833,0.0,1.0333
pulse,157.3417,0.0,0.9986
pulse,157.6,0.0,0.9651
pulse,157.8583,0.0,0.9328
pulse,158.1167,0.0,0.9014
pulse,158.375,0.0,0.8712
pulse,158.6333,0.0,0.8419
pulse,158.8917,0.0,0.8136
pulse,159.15,0.0,0.7863
pulse,159.4083,0.0,0.7599
pulse,159.6667,0.0,0.7343
pulse,159.925,0.0,0.7096
pulse,160.1833,0.0,0.6858
pulse,160.4417,0.0,0.6627
pulse,160.7,0.0,0.6404
pulse,160.9583,0.0,0.6188
pulse,161.2167,0.0,0.598
pulse,161.475,0.0,0.5779
pulse,161.7333,0.0,0.5584
pulse,161.9917,0.0,0.5396
pulse,162.25,0.0,0.5214
pulse,162.5083,0.0,0.5038
pulse,162.7667,0.0,0.4869
pulse,163.025,0.0,0.4704
pulse,163.2833,0.0,0.4546
pulse,163.5417,0.0,0.4393
pulse,163.8,0.0,0.4245
pulse,164.0583,0.0,0.4101
pulse,164.3167,0.0,0.3963
pulse,164.575,0.0,0.3829
pulse,164.8333,0.0,0.37
pulse,165.0917,0.0,0.3575
pulse,165.35,0.0,0.3455
pulse,165.6083,0.0,0.3338
pulse,165.8667,0.0,0.3225
pulse,166.125,0.0,0.3116
pulse,166.3833,0.0,0.3011
pulse,166.6417,0.0,0.291
pulse,166.9,0.0,0.2811
pulse,167.1583,0.0,0.2716
pulse,167.4167,0.0,0.2625
pulse,167.675,0.0,0.2536
pulse,167.9333,0.0,0.245
pulse,168.1917,0.0,0.2368
pulse,168.45,0.0,0.2288
pulse,168.7083,0.0,0.221
pulse,168.9667,0.0,0.2136
pulse,169.225,0.0,0.2063
pulse,169.4833,0.0,0.1994
pulse,169.7417,0.0,0.1926
pulse,170.0,0.0,0.1861
spo2,87.5,0.0,0.2596
spo2,87.525,0.0,0.2675
spo2,87.55,0.0,0.2756
spo2,87.575,0.0,0.284
spo2,87.6,0.0,0.2926
spo2,87.625,0.0,0.3015
spo2,87.65,0.0,0.3106
spo2,87.675,0.0,0.32
spo2,87.7,0.0,0.3298
spo2,87.725,0.0,0.3398
spo2,87.75,0.0,0.3501
spo2,87.775,0.0,0.3607
spo2,87.8,0.0,0.3717
spo2,87.825,0.0,0.3829
spo2,87.85,0.0,0.3946
spo2,87.875,0.0,0.4065
spo2,87.9,0.0,0.4189
spo2,87.925,0.0,0.4316
spo2,87.95,0.0,0.4446
spo2,87.975,0.0,0.4581
spo2,88.0,0.0,0.472
spo2,88.025,0.0,0.4863
spo2,88.05,0.0,0.5011
spo2,88.075,0.0,0.5162
spo2,88.1,0.0,0.5319
spo2,88.125,0.0,0.548
spo2,88.15,0.0,0.5646
spo2,88.175,0.0,0.5817
spo2,88.2,0.0,0.5993
spo2,88.225,0.0,0.6175
spo2,88.25,0.0,0.6362
spo2,88.275,0.0,0.6554
spo2,88.3,0.0,0.6752
spo2,88.325,0.0,0.6957
spo2,88.35,0.0,0.7167
spo2,88.375,0.0,0.7384
spo2,88.4,0.0,0.7607
spo2,88.425,0.0,0.7837
spo2,88.45,0.0,0.8074
spo2,88.475,0.0,0.8318
spo2,88.5,0.0,0.8569
spo2,88.525,0.0,0.8828
spo2,88.55,0.0,0.9094
spo2,88.575,0.0,0.9369
spo2,88.6,0.0,0.9651
spo2,88.625,0.0,0.9943
spo2,88.65,0.0,1.0242
spo2,88.675,0.0,1.0551
spo2,88.7,0.0,1.0869
spo2,88.725,0.0,1.1197
spo2,88.75,0.0,1.1534
spo2,88.775,0.0,1.1881
spo2,88.8,0.0,1.2239
spo2,88.825,0.0,1.2607
spo2,88.85,0.0,1.2986
spo2,88.875,0.0,1.3377
spo2,88.9,0.0,1.3779
spo2,88.925,0.0,1.4193
spo2,88.95,0.0,1.4619
spo2,88.975,0.0,1.5058
spo2,89.0,0.0,1.551
spo2,89.025,0.0,1.5975
spo2,89.05,0.0,1.6454
spo2,89.075,0.0,1.6947
spo2,89.1,0.0,1.7454
spo2,89.125,0.0,1.7977
spo2,89.15,0.0,1.8514
spo2,89.175,0.0,1.9068
spo2,89.2,0.0,1.9638
spo2,89.225,0.0,2.0224
spo2,89.25,0.0,2.0828
spo2,89.275,0.0,2.1449
spo2,89.3,0.0,2.2089
spo2,89.325,0.0,2.2747
spo2,89.35,0.0,2.3424
spo2,89.375,0.0,2.4121
spo2,89.4,0.0,2.4839
spo2,89.425,0.0,2.5577
spo2,89.45,0.0,2.6336
spo2,89.475,0.0,2.7117
spo2,89.5,0.0,2.7921
spo2,89.525,0.0,2.8748
spo2,89.55,0.0,2.9599
spo2,89.575,0.0,3.0474
spo2,89.6,0.0,3.1375
spo2,89.625,0.0,3.2301
spo2,89.65,0.0,3.3253
spo2,89.675,0.0,3.4233
spo2,89.7,0.0,3.5241
spo2,89.725,0.0,3.6277
spo2,89.75,0.0,3.7342
spo2,89.775,0.0,3.8438
spo2,89.8,0.0,3.9564
spo2,89.825,0.0,4.0722
spo2,89.85,0.0,4.1913
spo2,89.875,0.0,4.3137
spo2,89.9,0.0,4.4395
spo2,89.925,0.0,4.5688
spo2,89.95,0.0,4.7018
spo2,89.975,0.0,4.8383
spo2,90.0,0.0,4.9787
spo2,90.025,0.0,5.1229
spo2,90.05,0.0,5.2711
spo2,90.075,0.0,5.4234
spo2,90.1,0.0,5.5797
spo2,90.125,0.0,5.7404
spo2,90.15,0.0,5.9054
spo2,90.175,0.0,6.0748
spo2,90.2,0.0,6.2488
spo2,90.225,0.0,6.4274
spo2,90.25,0.0,6.6109
spo2,90.275,0.0,6.7992
spo2,90.3,0.0,6.9924
spo2,90.325,0.0,7.1908
spo2,90.35,0.0,7.3944
spo2,90.375,0.0,7.6032
spo2,90.4,0.0,7.8175
spo2,90.425,0.0,8.0374
spo2,90.45,0.0,8.2629
spo2,90.475,0.0,8.4942
spo2,90.5,0.0,8.7314
spo2,90.525,0.0,8.9745
spo2,90.55,0.0,9.2238
spo2,90.575,0.0,9.4794
spo2,90.6,0.0,9.7413
spo2,90.625,0.0,10.0097
spo2,90.65,0.0,10.2846
spo2,90.675,0.0,10.5663
spo2,90.7,0.0,10.8548
spo2,90.725,0.0,11.1503
spo2,90.75,0.0,11.4528
spo2,90.775,0.0,11.7626
spo2,90.8,0.0,12.0796
spo2,90.825,0.0,12.404
spo2,90.85,0.0,12.7359
spo2,90.875,0.0,13.0755
spo2,90.9,0.0,13.4227
spo2,90.925,0.0,13.7779
spo2,90.95,0.0,14.141
spo2,90.975,0.0,14.5121
spo2,91.0,0.0,14.8913
spo2,91.025,0.0,15.2788
spo2,91.05,0.0,15.6747
spo2,91.075,0.0,16.0789
spo2,91.1,0.0,16.4917
spo2,91.125,0.0,16.913
spo2,91.15,0.0,17.343
spo2,91.175,0.0,17.7817
spo2,91.2,0.0,18.2292
spo2,91.225,0.0,18.6855
spo2,91.25,0.0,19.1508
spo2,91.275,0.0,19.625
spo2,91.3,0.0,20.1082
spo2,91.325,0.0,20.6004
spo2,91.35,0.0,21.1017
spo2,91.375,0.0,21.612
spo2,91.4,0.0,22.1314
spo2,91.425,0.0,22.6599
spo2,91.45,0.0,23.1976
spo2,91.475,0.0,23.7442
spo2,91.5,0.0,24.3
spo2,91.525,0.0,24.8647
spo2,91.55,0.0,25.4385
spo2,91.575,0.0,26.0212
spo2,91.6,0.0,26.6127
spo2,91.625,0.0,27.2131
spo2,91.65,0.0,27.8222
spo2,91.675,0.0,28.44
spo2,91.7,0.0,29.0663
spo2,91.725,0.0,29.7011
spo2,91.75,0.0,30.3441
spo2,91.775,0.0,30.9954
spo2,91.8,0.0,31.6547
spo2,91.825,0.0,32.3219
spo2,91.85,0.0,32.9969
spo2,91.875,0.0,33.6794
spo2,91.9,0.0,34.3693
spo2,91.925,0.0,35.0664
spo2,91.95,0.0,35.7704
spo2,91.975,0.0,36.4812
spo2,92.0,0.0,37.1985
spo2,92.025,0.0,37.9222
spo2,92.05,0.0,38.6519
spo2,92.075,0.0,39.3873
spo2,92.1,0.0,40.1283
spo2,92.125,0.0,40.8746
spo2,92.15,0.0,41.6258
spo2,92.175,0.0,42.3817
spo2,92.2,0.0,43.142
spo2,92.225,0.0,43.9064
spo2,92.25,0.0,44.6745
spo2,92.275,0.0,45.446
spo2,92.3,0.0,46.2207
spo2,92.325,0.0,46.9981
spo2,92.35,0.0,47.778
spo2,92.375,0.0,48.56
spo2,92.4,0.0,49.3438
spo2,92.425,0.0,50.1289
spo2,92.45,0.0,50.9151
spo2,92.475,0.0,51.7021
spo2,92.5,0.0,52.4894
spo2,92.525,0.0,53.2766
spo2,92.55,0.0,54.0636
spo2,92.575,0.0,54.8498
spo2,92.6,0.0001,55.6349
spo2,92.625,0.0001,56.4187
spo2,92.65,0.0001,57.2007
spo2,92.675,0.0001,57.9806
spo2,92.7,0.0001,58.758
spo2,92.725,0.0001,59.5327
spo2,92.75,0.0001,60.3042
spo2,92.775,0.0002,61.0723
spo2,92.8,0.0002,61.8367
spo2,92.825,0.0002,62.597
spo2,92.85,0.0002,63.3529
spo2,92.875,0.0003,64.1041
spo2,92.9,0.0003,64.8504
spo2,92.925,0.0004,65.5914
spo2,92.95,0.0005,66.3269
spo2,92.975,0.0005,67.0565
spo2,93.0,0.0006,67.7802
spo2,93.025,0.0007,68.4975
spo2,93.05,0.0008,69.2083
spo2,93.075,0.001,69.9123
spo2,93.1,0.0011,70.6094
spo2,93.125,0.0013,71.2993
spo2,93.15,0.0015,71.9818
spo2,93.175,0.0018,72.6568
spo2,93.2,0.002,73.324
spo2,93.225,0.0024,73.9833
spo2,93.25,0.0028,74.6346
spo2,93.275,0.0032,75.2776
spo2,93.3,0.0037,75.9124
spo2,93.325,0.0043,76.5387
spo2,93.35,0.005,77.1565
spo2,93.375,0.0058,77.7656
spo2,93.4,0.0068,78.366
spo2,93.425,0.0079,78.9575
spo2,93.45,0.0091,79.5402
spo2,93.475,0.0106,80.114
spo2,93.5,0.0123,80.6787
spo2,93.525,0.0143,81.2345
spo2,93.55,0.0167,81.7812
spo2,93.575,0.0194,82.3188
spo2,93.6,0.0225,82.8473
spo2,93.625,0.0261,83.3667
spo2,93.65,0.0303,83.877
spo2,93.675,0.0353,84.3783
spo2,93.7,0.041,84.8705
spo2,93.725,0.0476,85.3537
spo2,93.75,0.0553,85.8279
spo2,93.775,0.0642,86.2932
spo2,93.8,0.0746,86.7495
spo2,93.825,0.0867,87.197
spo2,93.85,0.1007,87.6357
spo2,93.875,0.117,88.0657
spo2,93.9,0.1359,88.487
spo2,93.925,0.1578,88.8998
spo2,93.95,0.1833,89.304
spo2,93.975,0.2129,89.6999
spo2,94.0,0.2473,90.0874
spo2,94.025,0.2872,90.4666
spo2,94.05,0.3335,90.8378
spo2,94.075,0.3872,91.2008
spo2,94.1,0.4496,91.556
spo2,94.125,0.522,91.9033
spo2,94.15,0.606,92.2428
spo2,94.175,0.7034,92.5747
spo2,94.2,0.8163,92.8992
spo2,94.225,0.9471,93.2162
spo2,94.25,1.0987,93.5259
spo2,94.275,1.2742,93.8284
spo2,94.3,1.4774,94.1239
spo2,94.325,1.7124,94.4124
spo2,94.35,1.984,94.6941
spo2,94.375,2.2977,94.969
spo2,94.4,2.6597,95.2374
spo2,94.425,3.0769,95.4993
spo2,94.45,3.5571,95.7549
spo2,94.475,4.1091,96.0042
spo2,94.5,4.7426,96.2473
spo2,94.525,5.4681,96.4845
spo2,94.55,6.2973,96.7158
spo2,94.575,7.2426,96.9413
spo2,94.6,8.3173,97.1612
spo2,94.625,9.5349,97.3755
spo2,94.65,10.9097,97.5843
spo2,94.675,12.4553,97.7879
spo2,94.7,14.1851,97.9863
spo2,94.725,16.1109,98.1796
spo2,94.75,18.2426,98.3678
spo2,94.775,20.587,98.5513
spo2,94.8,23.1475,98.7299
spo2,94.825,25.9225,98.9039
spo2,94.85,28.905,99.0733
spo2,94.875,32.0821,99.2383
spo2,94.9,35.4344,99.399
spo2,94.925,38.9361,99.5554
spo2,94.95,42.5557,99.7076
spo2,94.975,46.257,99.8558
spo2,95.0,100.0,100.0
spo2,95.025,100.0,100.0
spo2,95.05,100.0,100.0
spo2,95.075,100.0,100.0
spo2,95.1,100.0,100.0
spo2,95.125,100.0,100.0
spo2,95.15,100.0,100.0
spo2,95.175,100.0,100.0
spo2,95.2,100.0,100.0
spo2,95.225,100.0,100.0
spo2,95.25,100.0,100.0
spo2,95.275,100.0,100.0
spo2,95.3,100.0,100.0
spo2,95.325,100.0,100.0
spo2,95.35,100.0,100.0
spo2,95.375,100.0,100.0
spo2,95.4,100.0,100.0
spo2,95.425,100.0,100.0
spo2,95.45,100.0,100.0
spo2,95.475,100.0,100.0
spo2,95.5,100.0,100.0
spo2,95.525,100.0,100.0
spo2,95.55,100.0,100.0
spo2,95.575,100.0,100.0
spo2,95.6,100.0,100.0
spo2,95.625,100.0,100.0
spo2,95.65,100.0,100.0
spo2,95.675,100.0,100.0
spo2,95.7,100.0,100.0
spo2,95.725,100.0,100.0
spo2,95.75,100.0,100.0
spo2,95.775,100.0,100.0
spo2,95.8,100.0,100.0
spo2,95.825,100.0,100.0
spo2,95.85,100.0,100.0
spo2,95.875,100.0,100.0
spo2,95.9,100.0,100.0
spo2,95.925,100.0,100.0
spo2,95.95,100.0,100.0
spo2,95.975,100.0,100.0
spo2,96.0,100.0,100.0
spo2,96.025,100.0,100.0
spo2,96.05,100.0,100.0
spo2,96.075,100.0,100.0
spo2,96.1,100.0,100.0
spo2,96.125,100.0,100.0
spo2,96.15,100.0,100.0
spo2,96.175,100.0,100.0
spo2,96.2,100.0,100.0
spo2,96.225,100.0,100.0
spo2,96.25,100.0,100.0
spo2,96.275,100.0,100.0
spo2,96.3,100.0,100.0
spo2,96.325,100.0,100.0
spo2,96.35,100.0,100.0
spo2,96.375,100.0,100.0
spo2,96.4,100.0,100.0
spo2,96.425,100.0,100.0
spo2,96.45,100.0,100.0
spo2,96.475,100.0,100.0
spo2,96.5,100.0,100.0
spo2,96.525,100.0,100.0
spo2,96.55,100.0,100.0
spo2,96.575,100.0,100.0
spo2,96.6,100.0,100.0
spo2,96.625,100.0,100.0
spo2,96.65,100.0,100.0
spo2,96.675,100.0,100.0
spo2,96.7,100.0,100.0
spo2,96.725,100.0,100.0
spo2,96.75,100.0,100.0
spo2,96.775,100.0,100.0
spo2,96.8,100.0,100.0
spo2,96.825,100.0,100.0
spo2,96.85,100.0,100.0
spo2,96.875,100.0,100.0
spo2,96.9,100.0,100.0
spo2,96.925,100.0,100.0
spo2,96.95,100.0,100.0
spo2,96.975,100.0,100.0
spo2,97.0,100.0,100.0
spo2,97.025,100.0,100.0
spo2,97.05,100.0,100.0
spo2,97.075,100.0,100.0
spo2,97.1,100.0,100.0
spo2,97.125,100.0,100.0
spo2,97.15,100.0,100.0
spo2,97.175,100.0,100.0
spo2,97.2,100.0,100.0
spo2,97.225,100.0,100.0
spo2,97.25,100.0,100.0
spo2,97.275,100.0,100.0
spo2,97.3,100.0,100.0
spo2,97.325,100.0,100.0
spo2,97.35,100.0,100.0
spo2,97.375,100.0,100.0
spo2,97.4,100.0,100.0
spo2,97.425,100.0,100.0
spo2,97.45,100.0,100.0
spo2,97.475,100.0,100.0
spo2,97.5,100.0,100.0
spo2,97.525,100.0,100.0
spo2,97.55,100.0,100.0
spo2,97.575,100.0,100.0
spo2,97.6,100.0,100.0
spo2,97.625,100.0,100.0
spo2,97.65,100.0,100.0
spo2,97.675,100.0,100.0
spo2,97.7,100.0,100.0
spo2,97.725,100.0,100.0
spo2,97.75,100.0,100.0
spo2,97.775,100.0,100.0
spo2,97.8,100.0,100.0
spo2,97.825,100.0,100.0
spo2,97.85,100.0,100.0
spo2,97.875,100.0,100.0
spo2,97.9,100.0,100.0
spo2,97.925,100.0,100.0
spo2,97.95,100.0,100.0
spo2,97.975,100.0,100.0
spo2,98.0,100.0,100.0
spo2,98.025,100.0,100.0
spo2,98.05,100.0,100.0
spo2,98.075,100.0,100.0
spo2,98.1,100.0,100.0
spo2,98.125,100.0,100.0
spo2,98.15,100.0,100.0
spo2,98.175,100.0,100.0
spo2,98.2,100.0,100.0
spo2,98.225,100.0,100.0
spo2,98.25,100.0,100.0
spo2,98.275,100.0,100.0
spo2,98.3,100.0,100.0
spo2,98.325,100.0,100.0
spo2,98.35,100.0,100.0
spo2,98.375,100.0,100.0
spo2,98.4,100.0,100.0
spo2,98.425,100.0,100.0
spo2,98.45,100.0,100.0
spo2,98.475,100.0,100.0
spo2,98.5,100.0,100.0
spo2,98.525,100.0,100.0
spo2,98.55,100.0,100.0
spo2,98.575,100.0,100.0
spo2,98.6,100.0,100.0
spo2,98.625,100.0,100.0
spo2,98.65,100.0,100.0
spo2,98.675,100.0,100.0
spo2,98.7,100.0,100.0
spo2,98.725,100.0,100.0
spo2,98.75,100.0,100.0
spo2,98.775,100.0,100.0
spo2,98.8,100.0,100.0
spo2,98.825,100.0,100.0
spo2,98.85,100.0,100.0
spo2,98.875,100.0,100.0
spo2,98.9,100.0,100.0
spo2,98.925,100.0,100.0
spo2,98.95,100.0,100.0
spo2,98.975,100.0,100.0
spo2,99.0,100.0,100.0
spo2,99.025,100.0,100.0
spo2,99.05,100.0,100.0
spo2,99.075,100.0,100.0
spo2,99.1,100.0,100.0
spo2,99.125,100.0,100.0
spo2,99.15,100.0,100.0
spo2,99.175,100.0,100.0
spo2,99.2,100.0,100.0
spo2,99.225,100.0,100.0
spo2,99.25,100.0,100.0
spo2,99.275,100.0,100.0
spo2,99.3,100.0,100.0
spo2,99.325,100.0,100.0
spo2,99.35,100.0,100.0
spo2,99.375,100.0,100.0
spo2,99.4,100.0,100.0
spo2,99.425,100.0,100.0
spo2,99.45,100.0,100.0
spo2,99.475,100.0,100.0
spo2,99.5,100.0,100.0
spo2,99.525,100.0,100.0
spo2,99.55,100.0,100.0
spo2,99.575,100.0,100.0
spo2,99.6,100.0,100.0
spo2,99.625,100.0,100.0
spo2,99.65,100.0,100.0
spo2,99.675,100.0,100.0
spo2,99.7,100.0,100.0
spo2,99.725,100.0,100.0
spo2,99.75,100.0,100.0
spo2,99.775,100.0,100.0
spo2,99.8,100.0,100.0
spo2,99.825,100.0,100.0
spo2,99.85,100.0,100.0
spo2,99.875,100.0,100.0
spo2,99.9,100.0,100.0
spo2,99.925,100.0,100.0
spo2,99.95,100.0,100.0
spo2,99.975,100.0,100.0
spo2,100.0,100.0,100.0
spo2,100.025,46.257,0.0
spo2,100.05,42.5557,0.0
spo2,100.075,38.9361,0.0
spo2,100.1,35.4344,0.0
spo2,100.125,32.0821,0.0
spo2,100.15,28.905,0.0
spo2,100.175,25.9225,0.0
spo2,100.2,23.1475,0.0
spo2,100.225,20.587,0.0
spo2,100.25,18.2426,0.0
spo2,100.275,16.1109,0.0
spo2,100.3,14.1851,0.0
spo2,100.325,12.4553,0.0
spo2,100.35,10.9097,0.0
spo2,100.375,9.5349,0.0
spo2,100.4,8.3173,0.0
spo2,100.425,7.2426,0.0
spo2,100.45,6.2973,0.0
spo2,100.475,5.4681,0.0
spo2,100.5,4.7426,0.0
spo2,100.525,4.1091,0.0
spo2,100.55,3.5571,0.0
spo2,100.575,3.0769,0.0
spo2,100.6,2.6597,0.0
spo2,100.625,2.2977,0.0
spo2,100.65,1.984,0.0
spo2,100.675,1.7124,0.0
spo2,100.7,1.4774,0.0
spo2,100.725,1.2742,0.0
spo2,100.75,1.0987,0.0
spo2,100.775,0.9471,0.0
spo2,100.8,0.8163,0.0
spo2,100.825,0.7034,0.0
spo2,100.85,0.606,0.0
spo2,100.875,0.522,0.0
spo2,100.9,0.4496,0.0
spo2,100.925,0.3872,0.0
spo2,100.95,0.3335,0.0
spo2,100.975,0.2872,0.0
spo2,101.0,0.2473,0.0
spo2,101.025,0.2129,0.0
spo2,101.05,0.1833,0.0
spo2,101.075,0.1578,0.0
spo2,101.1,0.1359,0.0
spo2,101.125,0.117,0.0
spo2,101.15,0.1007,0.0
spo2,101.175,0.0867,0.0
spo2,101.2,0.0746,0.0
spo2,101.225,0.0642,0.0
spo2,101.25,0.0553,0.0
spo2,101.275,0.0476,0.0
spo2,101.3,0.041,0.0
spo2,101.325,0.0353,0.0
spo2,101.35,0.0303,0.0
spo2,101.375,0.0261,0.0
spo2,101.4,0.0225,0.0
spo2,101.425,0.0194,0.0
spo2,101.45,0.0167,0.0
spo2,101.475,0.0143,0.0
spo2,101.5,0.0123,0.0
spo2,101.525,0.0106,0.0
spo2,101.55,0.0091,0.0
spo2,101.575,0.0079,0.0
spo2,101.6,0.0068,0.0
spo2,101.625,0.0058,0.0
spo2,101.65,0.005,0.0
spo2,101.675,0.0043,0.0
spo2,101.7,0.0037,0.0
spo2,101.725,0.0032,0.0
spo2,101.75,0.0028,0.0
spo2,101.775,0.0024,0.0
spo2,101.8,0.002,0.0
spo2,101.825,0.0018,0.0
spo2,101.85,0.0015,0.0
spo2,101.875,0.0013,0.0
spo2,101.9,0.0011,0.0
spo2,101.925,0.001,0.0
spo2,101.95,0.0008,0.0
spo2,101.975,0.0007,0.0
spo2,102.0,0.0006,0.0
spo2,102.025,0.0005,0.0
spo2,102.05,0.0005,0.0
spo2,102.075,0.0004,0.0
spo2,102.1,0.0003,0.0
spo2,102.125,0.0003,0.0
spo2,102.15,0.0002,0.0
spo2,102.175,0.0002,0.0
spo2,102.2,0.0002,0.0
spo2,102.225,0.0002,0.0
spo2,102.25,0.0001,0.0
spo2,102.275,0.0001,0.0
spo2,102.3,0.0001,0.0
spo2,102.325,0.0001,0.0
spo2,102.35,0.0001,0.0
spo2,102.375,0.0001,0.0
spo2,102.4,0.0001,0.0
spo2,102.425,0.0,0.0
spo2,102.45,0.0,0.0
spo2,102.475,0.0,0.0
spo2,102.5,0.0,0.0
stress,-30.0,0.0,0.0
stress,-29.7333,0.0,0.0
stress,-29.4667,0.0,0.0
stress,-29.2,0.0,0.0
stress,-28.9333,0.0,0.0
stress,-28.6667,0.0,0.0
stress,-28.4,0.0,0.0
stress,-28.1333,0.0,0.0
stress,-27.8667,0.0,0.0
stress,-27.6,0.0,0.0
stress,-27.3333,0.0,0.0
stress,-27.0667,0.0,0.0
stress,-26.8,0.0,0.0
stress,-26.5333,0.0,0.0
stress,-26.2667,0.0,0.0
stress,-26.0,0.0,0.0
stress,-25.7333,0.0,0.0
stress,-25.4667,0.0,0.0
stress,-25.2,0.0,0.0
stress,-24.9333,0.0,0.0
stress,-24.6667,0.0,0.0
stress,-24.4,0.0,0.0
stress,-24.1333,0.0,0.0
stress,-23.8667,0.0,0.0
stress,-23.6,0.0,0.0
stress,-23.3333,0.0,0.0
stress,-23.0667,0.0,0.0
stress,-22.8,0.0,0.0
stress,-22.5333,0.0,0.0
stress,-22.2667,0.0,0.0
stress,-22.0,0.0,0.0
stress,-21.7333,0.0,0.0
stress,-21.4667,0.0,0.0
stress,-21.2,0.0,0.0
stress,-20.9333,0.0,0.0
stress,-20.6667,0.0,0.0
stress,-20.4,0.0,0.0
stress,-20.1333,0.0,0.0
stress,-19.8667,0.0,0.0
stress,-19.6,0.0,0.0
stress,-19.3333,0.0,0.0
stress,-19.0667,0.0,0.0
stress,-18.8,0.0,0.0
stress,-18.5333,0.0,0.0
stress,-18.2667,0.0,0.0
stress,-18.0,0.0,0.0
stress,-17.7333,0.0,0.0
stress,-17.4667,0.0,0.0
stress,-17.2,0.0,0.0
stress,-16.9333,0.0,0.0
stress,-16.6667,0.0,0.0
stress,-16.4,0.0,0.0
stress,-16.1333,0.0,0.0
stress,-15.8667,0.0,0.0
stress,-15.6,0.0,0.0
stress,-15.3333,0.0,0.0
stress,-15.0667,0.0,0.0
stress,-14.8,0.0,0.0
stress,-14.5333,0.0,0.0
stress,-14.2667,0.0,0.0
stress,-14.0,0.0,0.0
stress,-13.7333,0.0,0.0
stress,-13.4667,0.0,0.0
stress,-13.2,0.0,0.0
stress,-12.9333,0.0,0.0
stress,-12.6667,0.0,0.0
stress,-12.4,0.0,0.0
stress,-12.1333,0.0,0.0
stress,-11.8667,0.0,0.0
stress,-11.6,0.0,0.0
stress,-11.3333,0.0,0.0
stress,-11.0667,0.0,0.0
stress,-10.8,0.0,0.0
stress,-10.5333,0.0,0.0
stress,-10.2667,0.0,0.0
stress,-10.0,0.0,0.0
stress,-9.7333,0.0,0.0
stress,-9.4667,0.0,0.0
stress,-9.2,0.0,0.0
stress,-8.9333,0.0,0.0
stress,-8.6667,0.0,0.0
stress,-8.4,0.0,0.0
stress,-8.1333,0.0,0.0
stress,-7.8667,0.0,0.0
stress,-7.6,0.0,0.0
stress,-7.3333,0.0,0.0
stress,-7.0667,0.0,0.0
stress,-6.8,0.0,0.0
stress,-6.5333,0.0,0.0
stress,-6.2667,0.0,0.0
stress,-6.0,0.0,0.0
stress,-5.7333,0.0,0.0
stress,-5.4667,0.0,0.0
stress,-5.2,0.0,0.0
stress,-4.9333,0.0,0.0
stress,-4.6667,0.0001,0.0
stress,-4.4,0.0002,0.0
stress,-4.1333,0.0004,0.0
stress,-3.8667,0.0009,0.0
stress,-3.6,0.002,0.0
stress,-3.3333,0.0045,0.0
stress,-3.0667,0.0101,0.0
stress,-2.8,0.0225,0.0
stress,-2.5333,0.05,0.0
stress,-2.2667,0.1113,0.0
stress,-2.0,0.2473,0.0
stress,-1.7333,0.5486,0.0
stress,-1.4667,1.2128,0.0
stress,-1.2,2.6597,0.0
stress,-0.9333,5.7324,0.0
stress,-0.6667,11.9203,0.0
stress,-0.4,23.1475,0.0
stress,-0.1333,40.1312,0.0
stress,0.1333,100.0,100.0
stress,0.4,100.0,100.0
stress,0.6667,100.0,100.0
stress,0.9333,100.0,100.0
stress,1.2,100.0,100.0
stress,1.4667,100.0,100.0
stress,1.7333,100.0,100.0
stress,2.0,100.0,100.0
stress,2.2667,100.0,100.0
stress,2.5333,100.0,100.0
stress,2.8,100.0,100.0
stress,3.0667,100.0,100.0
stress,3.3333,100.0,100.0
stress,3.6,100.0,100.0
stress,3.8667,100.0,100.0
stress,4.1333,100.0,100.0
stress,4.4,100.0,100.0
stress,4.6667,100.0,100.0
stress,4.9333,100.0,100.0
stress,5.2,100.0,100.0
stress,5.4667,100.0,100.0
stress,5.7333,100.0,100.0
stress,6.0,100.0,100.0
stress,6.2667,100.0,100.0
stress,6.5333,100.0,100.0
stress,6.8,100.0,100.0
stress,7.0667,100.0,100.0
stress,7.3333,100.0,100.0
stress,7.6,100.0,100.0
stress,7.8667,100.0,100.0
stress,8.1333,100.0,100.0
stress,8.4,100.0,100.0
stress,8.6667,100.0,100.0
stress,8.9333,100.0,100.0
stress,9.2,100.0,100.0
stress,9.4667,100.0,100.0
stress,9.7333,100.0,100.0
stress,10.0,100.0,100.0
stress,10.2667,100.0,100.0
stress,10.5333,100.0,100.0
stress,10.8,100.0,100.0
stress,11.0667,100.0,100.0
stress,11.3333,100.0,100.0
stress,11.6,100.0,100.0
stress,11.8667,100.0,100.0
stress,12.1333,100.0,100.0
stress,12.4,100.0,100.0
stress,12.6667,100.0,100.0
stress,12.9333,100.0,100.0
stress,13.2,100.0,100.0
stress,13.4667,100.0,100.0
stress,13.7333,100.0,100.0
stress,14.0,100.0,100.0
stress,14.2667,100.0,100.0
stress,14.5333,100.0,100.0
stress,14.8,100.0,100.0
stress,15.0667,100.0,100.0
stress,15.3333,100.0,100.0
stress,15.6,100.0,100.0
stress,15.8667,100.0,100.0
stress,16.1333,100.0,100.0
stress,16.4,100.0,100.0
stress,16.6667,100.0,100.0
stress,16.9333,100.0,100.0
stress,17.2,100.0,100.0
stress,17.4667,100.0,100.0
stress,17.7333,100.0,100.0
stress,18.0,100.0,100.0
stress,18.2667,100.0,100.0
stress,18.5333,100.0,100.0
stress,18.8,100.0,100.0
stress,19.0667,100.0,100.0
stress,19.3333,100.0,100.0
stress,19.6,100.0,100.0
stress,19.8667,100.0,100.0
stress,20.1333,100.0,100.0
stress,20.4,100.0,100.0
stress,20.6667,100.0,100.0
stress,20.9333,100.0,100.0
stress,21.2,100.0,100.0
stress,21.4667,100.0,100.0
stress,21.7333,100.0,100.0
stress,22.0,100.0,100.0
stress,22.2667,100.0,100.0
stress,22.5333,100.0,100.0
stress,22.8,100.0,100.0
stress,23.0667,100.0,100.0
stress,23.3333,100.0,100.0
stress,23.6,100.0,100.0
stress,23.8667,100.0,100.0
stress,24.1333,100.0,100.0
stress,24.4,100.0,100.0
stress,24.6667,100.0,100.0
stress,24.9333,100.0,100.0
stress,25.2,100.0,100.0
stress,25.4667,100.0,100.0
stress,25.7333,100.0,100.0
stress,26.0,100.0,100.0
stress,26.2667,100.0,100.0
stress,26.5333,100.0,100.0
stress,26.8,100.0,100.0
stress,27.0667,100.0,100.0
stress,27.3333,100.0,100.0
stress,27.6,100.0,100.0
stress,27.8667,100.0,100.0
stress,28.1333,100.0,100.0
stress,28.4,100.0,100.0
stress,28.6667,100.0,100.0
stress,28.9333,100.0,100.0
stress,29.2,100.0,100.0
stress,29.4667,100.0,100.0
stress,29.7333,100.0,100.0
stress,30.0,100.0,100.0
stress,30.2667,100.0,100.0
stress,30.5333,100.0,100.0
stress,30.8,100.0,100.0
stress,31.0667,100.0,100.0
stress,31.3333,100.0,100.0
stress,31.6,100.0,100.0
stress,31.8667,100.0,100.0
stress,32.1333,100.0,100.0
stress,32.4,100.0,100.0
stress,32.6667,100.0,100.0
stress,32.9333,100.0,100.0
stress,33.2,100.0,100.0
stress,33.4667,100.0,100.0
stress,33.7333,100.0,100.0
stress,34.0,100.0,100.0
stress,34.2667,100.0,100.0
stress,34.5333,100.0,100.0
stress,34.8,100.0,100.0
stress,35.0667,100.0,100.0
stress,35.3333,100.0,100.0
stress,35.6,100.0,100.0
stress,35.8667,100.0,100.0
stress,36.1333,100.0,100.0
stress,36.4,100.0,100.0
stress,36.6667,100.0,100.0
stress,36.9333,100.0,100.0
stress,37.2,100.0,100.0
stress,37.4667,100.0,100.0
stress,37.7333,100.0,100.0
stress,38.0,100.0,100.0
stress,38.2667,100.0,100.0
stress,38.5333,100.0,100.0
stress,38.8,100.0,100.0
stress,39.0667,100.0,100.0
stress,39.3333,100.0,100.0
stress,39.6,100.0,100.0
stress,39.8667,100.0,100.0
stress,40.1333,100.0,100.0
stress,40.4,100.0,100.0
stress,40.6667,100.0,100.0
stress,40.9333,100.0,100.0
stress,41.2,100.0,100.0
stress,41.4667,100.0,100.0
stress,41.7333,100.0,100.0
stress,42.0,100.0,100.0
stress,42.2667,100.0,100.0
stress,42.5333,100.0,100.0
stress,42.8,100.0,100.0
stress,43.0667,100.0,100.0
stress,43.3333,100.0,100.0
stress,43.6,100.0,100.0
stress,43.8667,100.0,100.0
stress,44.1333,100.0,100.0
stress,44.4,100.0,100.0
stress,44.6667,100.0,100.0
stress,44.9333,100.0,100.0
stress,45.2,100.0,100.0
stress,45.4667,100.0,100.0
stress,45.7333,100.0,100.0
stress,46.0,100.0,100.0
stress,46.2667,100.0,100.0
stress,46.5333,100.0,100.0
stress,46.8,100.0,100.0
stress,47.0667,100.0,100.0
stress,47.3333,100.0,100.0
stress,47.6,100.0,100.0
stress,47.8667,100.0,100.0
stress,48.1333,100.0,100.0
stress,48.4,100.0,100.0
stress,48.6667,100.0,100.0
stress,48.9333,100.0,100.0
stress,49.2,100.0,100.0
stress,49.4667,100.0,100.0
stress,49.7333,100.0,100.0
stress,50.0,100.0,100.0
stress,50.2667,100.0,100.0
stress,50.5333,100.0,100.0
stress,50.8,100.0,100.0
stress,51.0667,100.0,100.0
stress,51.3333,100.0,100.0
stress,51.6,100.0,100.0
stress,51.8667,100.0,100.0
stress,52.1333,100.0,100.0
stress,52.4,100.0,100.0
stress,52.6667,100.0,100.0
stress,52.9333,100.0,100.0
stress,53.2,100.0,100.0
stress,53.4667,100.0,100.0
stress,53.7333,100.0,100.0
stress,54.0,100.0,100.0
stress,54.2667,100.0,100.0
stress,54.5333,100.0,100.0
stress,54.8,100.0,100.0
stress,55.0667,100.0,100.0
stress,55.3333,100.0,100.0
stress,55.6,100.0,100.0
stress,55.8667,100.0,100.0
stress,56.1333,100.0,100.0
stress,56.4,100.0,100.0
stress,56.6667,100.0,100.0
stress,56.9333,100.0,100.0
stress,57.2,100.0,100.0
stress,57.4667,100.0,100.0
stress,57.7333,100.0,100.0
stress,58.0,100.0,100.0
stress,58.2667,100.0,100.0
stress,58.5333,100.0,100.0
stress,58.8,100.0,100.0
stress,59.0667,100.0,100.0
stress,59.3333,100.0,100.0
stress,59.6,100.0,100.0
stress,59.8667,100.0,100.0
stress,60.1333,40.1312,99.9043
stress,60.4,23.1475,99.7076
stress,60.6667,11.9203,99.5037
stress,60.9333,5.7324,99.2924
stress,61.2,2.6597,99.0733
stress,61.4667,1.2128,98.8464
stress,61.7333,0.5486,98.6113
stress,62.0,0.2473,98.3678
stress,62.2667,0.1113,98.1157
stress,62.5333,0.05,97.8546
stress,62.8,0.0225,97.5843
stress,63.0667,0.0101,97.3046
stress,63.3333,0.0045,97.0152
stress,63.6,0.002,96.7158
stress,63.8667,0.0009,96.4061
stress,64.1333,0.0004,96.0859
stress,64.4,0.0002,95.7549
stress,64.6667,0.0001,95.4127
stress,64.9333,0.0,95.0592
stress,65.2,0.0,94.6941
stress,65.4667,0.0,94.317
stress,65.7333,0.0,93.9277
stress,66.0,0.0,93.5259
stress,66.2667,0.0,93.1113
stress,66.5333,0.0,92.6837
stress,66.8,0.0,92.2428
stress,67.0667,0.0,91.7884
stress,67.3333,0.0,91.3201
stress,67.6,0.0,90.8378
stress,67.8667,0.0,90.3411
stress,68.1333,0.0,89.83
stress,68.4,0.0,89.304
stress,68.6667,0.0,88.7631
stress,68.9333,0.0,88.2071
stress,69.2,0.0,87.6357
stress,69.4667,0.0,87.0488
stress,69.7333,0.0,86.4463
stress,70.0,0.0,85.8279
stress,70.2667,0.0,85.1937
stress,70.5333,0.0,84.5434
stress,70.8,0.0,83.877
stress,71.0667,0.0,83.1946
stress,71.3333,0.0,82.4959
stress,71.6,0.0,81.7812
stress,71.8667,0.0,81.0502
stress,72.1333,0.0,80.3032
stress,72.4,0.0,79.5402
stress,72.6667,0.0,78.7613
stress,72.9333,0.0,77.9667
stress,73.2,0.0,77.1565
stress,73.4667,0.0,76.3309
stress,73.7333,0.0,75.4902
stress,74.0,0.0,74.6346
stress,74.2667,0.0,73.7644
stress,74.5333,0.0,72.88
stress,74.8,0.0,71.9818
stress,75.0667,0.0,71.0701
stress,75.3333,0.0,70.1455
stress,75.6,0.0,69.2083
stress,75.8667,0.0,68.2591
stress,76.1333,0.0,67.2984
stress,76.4,0.0,66.3269
stress,76.6667,0.0,65.345
stress,76.9333,0.0,64.3534
stress,77.2,0.0,63.3529
stress,77.4667,0.0,62.344
stress,77.7333,0.0,61.3276
stress,78.0,0.0,60.3042
stress,78.2667,0.0,59.2748
stress,78.5333,0.0,58.24
stress,78.8,0.0,57.2007
stress,79.0667,0.0,56.1576
stress,79.3333,0.0,55.1116
stress,79.6,0.0,54.0636
stress,79.8667,0.0,53.0142
stress,80.1333,0.0,51.9645
stress,80.4,0.0,50.9151
stress,80.6667,0.0,49.8671
stress,80.9333,0.0,48.8211
stress,81.2,0.0,47.778
stress,81.4667,0.0,46.7387
stress,81.7333,0.0,45.7039
stress,82.0,0.0,44.6745
stress,82.2667,0.0,43.6511
stress,82.5333,0.0,42.6347
stress,82.8,0.0,41.6258
stress,83.0667,0.0,40.6253
stress,83.3333,0.0,39.6337
stress,83.6,0.0,38.6519
stress,83.8667,0.0,37.6803
stress,84.1333,0.0,36.7196
stress,84.4,0.0,35.7704
stress,84.6667,0.0,34.8332
stress,84.9333,0.0,33.9086
stress,85.2,0.0,32.9969
stress,85.4667,0.0,32.0987
stress,85.7333,0.0,31.2143
stress,86.0,0.0,30.3441
stress,86.2667,0.0,29.4886
stress,86.5333,0.0,28.6478
stress,86.8,0.0,27.8222
stress,87.0667,0.0,27.012
stress,87.3333,0.0,26.2174
stress,87.6,0.0,25.4385
stress,87.8667,0.0,24.6755
stress,88.1333,0.0,23.9285
stress,88.4,0.0,23.1976
stress,88.6667,0.0,22.4828
stress,88.9333,0.0,21.7841
stress,89.2,0.0,21.1017
stress,89.4667,0.0,20.4353
stress,89.7333,0.0,19.7851
stress,90.0,0.0,19.1508
stress,90.2667,0.0,18.5324
stress,90.5333,0.0,17.9299
stress,90.8,0.0,17.343
stress,91.0667,0.0,16.7716
stress,91.3333,0.0,16.2156
stress,91.6,0.0,15.6747
stress,91.8667,0.0,15.1488
stress,92.1333,0.0,14.6376
stress,92.4,0.0,14.141
stress,92.6667,0.0,13.6586
stress,92.9333,0.0,13.1903
stress,93.2,0.0,12.7359
stress,93.4667,0.0,12.295
stress,93.7333,0.0,11.8674
stress,94.0,0.0,11.4528
stress,94.2667,0.0,11.051
stress,94.5333,0.0,10.6617
stress,94.8,0.0,10.2846
stress,95.0667,0.0,9.9195
stress,95.3333,0.0,9.566
stress,95.6,0.0,9.2238
stress,95.8667,0.0,8.8928
stress,96.1333,0.0,8.5726
stress,96.4,0.0,8.2629
stress,96.6667,0.0,7.9635
stress,96.9333,0.0,7.6741
stress,97.2,0.0,7.3944
stress,97.4667,0.0,7.1241
stress,97.7333,0.0,6.863
stress,98.0,0.0,6.6109
stress,98.2667,0.0,6.3674
stress,98.5333,0.0,6.1323
stress,98.8,0.0,5.9054
stress,99.0667,0.0,5.6864
stress,99.3333,0.0,5.475
stress,99.6,0.0,5.2711
stress,99.8667,0.0,5.0744
stress,100.1333,0.0,4.8847
stress,100.4,0.0,4.7018
stress,100.6667,0.0,4.5253
stress,100.9333,0.0,4.3553
stress,101.2,0.0,4.1913
stress,101.4667,0.0,4.0333
stress,101.7333,0.0,3.881
stress,102.0,0.0,3.7342
stress,102.2667,0.0,3.5928
stress,102.5333,0.0,3.4566
stress,102.8,0.0,3.3253
stress,103.0667,0.0,3.1989
stress,103.3333,0.0,3.0772
stress,103.6,0.0,2.9599
stress,103.8667,0.0,2.847
stress,104.1333,0.0,2.7383
stress,104.4,0.0,2.6336
stress,104.6667,0.0,2.5328
stress,104.9333,0.0,2.4358
stress,105.2,0.0,2.3424
stress,105.4667,0.0,2.2526
stress,105.7333,0.0,2.1661
stress,106.0,0.0,2.0828
stress,106.2667,0.0,2.0027
stress,106.5333,0.0,1.9256
stress,106.8,0.0,1.8514
stress,107.0667,0.0,1.7801
stress,107.3333,0.0,1.7114
stress,107.6,0.0,1.6454
stress,107.8667,0.0,1.5818
stress,108.1333,0.0,1.5207
stress,108.4,0.0,1.4619
stress,108.6667,0.0,1.4053
stress,108.9333,0.0,1.3509
stress,109.2,0.0,1.2986
stress,109.4667,0.0,1.2483
stress,109.7333,0.0,1.1999
stress,110.0,0.0,1.1534
stress,110.2667,0.0,1.1086
stress,110.5333,0.0,1.0656
stress,110.8,0.0,1.0242
stress,111.0667,0.0,0.9845
stress,111.3333,0.0,0.9462
stress,111.6,0.0,0.9094
stress,111.8667,0.0,0.8741
stress,112.1333,0.0,0.8401
stress,112.4,0.0,0.8074
stress,112.6667,0.0,0.776
stress,112.9333,0.0,0.7457
stress,113.2,0.0,0.7167
stress,113.4667,0.0,0.6888
stress,113.7333,0.0,0.6619
stress,114.0,0.0,0.6362
stress,114.2667,0.0,0.6114
stress,114.5333,0.0,0.5875
stress,114.8,0.0,0.5646
stress,115.0667,0.0,0.5426
stress,115.3333,0.0,0.5214
stress,115.6,0.0,0.5011
stress,115.8667,0.0,0.4815
stress,116.1333,0.0,0.4627
stress,116.4,0.0,0.4446
stress,116.6667,0.0,0.4273
stress,116.9333,0.0,0.4106
stress,117.2,0.0,0.3946
stress,117.4667,0.0,0.3791
stress,117.7333,0.0,0.3643
stress,118.0,0.0,0.3501
stress,118.2667,0.0,0.3364
stress,118.5333,0.0,0.3233
stress,118.8,0.0,0.3106
stress,119.0667,0.0,0.2985
stress,119.3333,0.0,0.2868
stress,119.6,0.0,0.2756
stress,119.8667,0.0,0.2648
stress,120.1333,0.0,0.2544
stress,120.4,0.0,0.2445
stress,120.6667,0.0,0.2349
stress,120.9333,0.0,0.2257
stress,121.2,0.0,0.2169
stress,121.4667,0.0,0.2084
stress,121.7333,0.0,0.2003
stress,122.0,0.0,0.1924
stress,122.2667,0.0,0.1849
stress,122.5333,0.0,0.1777
stress,122.8,0.0,0.1707
stress,123.0667,0.0,0.164
stress,123.3333,0.0,0.1576
stress,123.6,0.0,0.1514
stress,123.8667,0.0,0.1455
stress,124.1333,0.0,0.1398
stress,124.4,0.0,0.1343
stress,124.6667,0.0,0.1291
stress,124.9333,0.0,0.124
stress,125.2,0.0,0.1191
stress,125.4667,0.0,0.1145
stress,125.7333,0.0,0.11
stress,126.0,0.0,0.1057
stress,126.2667,0.0,0.1015
stress,126.5333,0.0,0.0976
stress,126.8,0.0,0.0937
stress,127.0667,0.0,0.0901
stress,127.3333,0.0,0.0865
stress,127.6,0.0,0.0832
stress,127.8667,0.0,0.0799
stress,128.1333,0.0,0.0768
stress,128.4,0.0,0.0738
stress,128.6667,0.0,0.0709
stress,128.9333,0.0,0.0681
stress,129.2,0.0,0.0654
stress,129.4667,0.0,0.0629
stress,129.7333,0.0,0.0604
stress,130.0,0.0,0.058
bp_sys,50.0,0.0,0.0956
bp_sys,50.2333,0.0,0.1002
bp_sys,50.4667,0.0,0.105
bp_sys,50.7,0.0,0.11
bp_sys,50.9333,0.0,0.1152
bp_sys,51.1667,0.0,0.1207
bp_sys,51.4,0.0,0.1265
bp_sys,51.6333,0.0,0.1325
bp_sys,51.8667,0.0,0.1389
bp_sys,52.1,0.0,0.1455
bp_sys,52.3333,0.0,0.1524
bp_sys,52.5667,0.0,0.1597
bp_sys,52.8,0.0,0.1673
bp_sys,53.0333,0.0,0.1753
bp_sys,53.2667,0.0,0.1837
bp_sys,53.5,0.0,0.1924
bp_sys,53.7333,0.0,0.2016
bp_sys,53.9667,0.0,0.2112
bp_sys,54.2,0.0,0.2213
bp_sys,54.4333,0.0,0.2318
bp_sys,54.6667,0.0,0.2429
bp_sys,54.9,0.0,0.2544
bp_sys,55.1333,0.0,0.2666
bp_sys,55.3667,0.0,0.2793
bp_sys,55.6,0.0,0.2926
bp_sys,55.8333,0.0,0.3065
bp_sys,56.0667,0.0,0.3211
bp_sys,56.3,0.0,0.3364
bp_sys,56.5333,0.0,0.3524
bp_sys,56.7667,0.0,0.3692
bp_sys,57.0,0.0,0.3868
bp_sys,57.2333,0.0,0.4052
bp_sys,57.4667,0.0,0.4245
bp_sys,57.7,0.0,0.4446
bp_sys,57.9333,0.0,0.4658
bp_sys,58.1667,0.0,0.4879
bp_sys,58.4,0.0,0.5111
bp_sys,58.6333,0.0,0.5354
bp_sys,58.8667,0.0,0.5609
bp_sys,59.1,0.0,0.5875
bp_sys,59.3333,0.0,0.6154
bp_sys,59.5667,0.0,0.6446
bp_sys,59.8,0.0,0.6752
bp_sys,60.0333,0.0,0.7073
bp_sys,60.2667,0.0,0.7408
bp_sys,60.5,0.0,0.776
bp_sys,60.7333,0.0,0.8127
bp_sys,60.9667,0.0,0.8512
bp_sys,61.2,0.0,0.8916
bp_sys,61.4333,0.0,0.9338
bp_sys,61.6667,0.0,0.978
bp_sys,61.9,0.0,1.0242
bp_sys,62.1333,0.0,1.0727
bp_sys,62.3667,0.0,1.1234
bp_sys,62.6,0.0,1.1764
bp_sys,62.8333,0.0,1.232
bp_sys,63.0667,0.0,1.2901
bp_sys,63.3,0.0,1.3509
bp_sys,63.5333,0.0,1.4146
bp_sys,63.7667,0.0,1.4812
bp_sys,64.0,0.0,1.551
bp_sys,64.2333,0.0,1.6239
bp_sys,64.4667,0.0,1.7002
bp_sys,64.7,0.0,1.7801
bp_sys,64.9333,0.0,1.8636
bp_sys,65.1667,0.0,1.951
bp_sys,65.4,0.0,2.0424
bp_sys,65.6333,0.0,2.138
bp_sys,65.8667,0.0,2.2379
bp_sys,66.1,0.0,2.3424
bp_sys,66.3333,0.0,2.4517
bp_sys,66.5667,0.0,2.566
bp_sys,66.8,0.0,2.6854
bp_sys,67.0333,0.0,2.8103
bp_sys,67.2667,0.0,2.9408
bp_sys,67.5,0.0,3.0772
bp_sys,67.7333,0.0,3.2197
bp_sys,67.9667,0.0,3.3685
bp_sys,68.2,0.0,3.5241
bp_sys,68.4333,0.0,3.6865
bp_sys,68.6667,0.0,3.8561
bp_sys,68.9,0.0,4.0333
bp_sys,69.1333,0.0,4.2182
bp_sys,69.3667,0.0,4.4113
bp_sys,69.6,0.0,4.6127
bp_sys,69.8333,0.0,4.823
bp_sys,70.0667,0.0,5.0423
bp_sys,70.3,0.0,5.2711
bp_sys,70.5333,0.0,5.5097
bp_sys,70.7667,0.0,5.7585
bp_sys,71.0,0.0,6.0178
bp_sys,71.2333,0.0,6.2881
bp_sys,71.4667,0.0,6.5697
bp_sys,71.7,0.0,6.863
bp_sys,71.9333,0.0,7.1685
bp_sys,72.1667,0.0,7.4865
bp_sys,72.4,0.0,7.8175
bp_sys,72.6333,0.0,8.162
bp_sys,72.8667,0.0,8.5203
bp_sys,73.1,0.0,8.8928
bp_sys,73.3333,0.0,9.2801
bp_sys,73.5667,0.0,9.6825
bp_sys,73.8,0.0,10.1006
bp_sys,74.0333,0.0,10.5347
bp_sys,74.2667,0.0,10.9853
bp_sys,74.5,0.0,11.4528
bp_sys,74.7333,0.0,11.9378
bp_sys,74.9667,0.0,12.4405
bp_sys,75.2,0.0,12.9614
bp_sys,75.4333,0.0,13.501
bp_sys,75.6667,0.0,14.0596
bp_sys,75.9,0.0,14.6376
bp_sys,76.1333,0.0,15.2354
bp_sys,76.3667,0.0,15.8533
bp_sys,76.6,0.0,16.4917
bp_sys,76.8333,0.0,17.1508
bp_sys,77.0667,0.0,17.831
bp_sys,77.3,0.0,18.5324
bp_sys,77.5333,0.0,19.2554
bp_sys,77.7667,0.0,20.0
bp_sys,78.0,0.0,20.7665
bp_sys,78.2333,0.0,21.5549
bp_sys,78.4667,0.0,22.3652
bp_sys,78.7,0.0,23.1976
bp_sys,78.9333,0.0,24.0519
bp_sys,79.1667,0.0,24.928
bp_sys,79.4,0.0,25.8259
bp_sys,79.6333,0.0,26.7454
bp_sys,79.8667,0.0,27.6861
bp_sys,80.1,0.0,28.6478
bp_sys,80.3333,0.0,29.6301
bp_sys,80.5667,0.0,30.6326
bp_sys,80.8,0.0,31.6547
bp_sys,81.0333,0.0,32.696
bp_sys,81.2667,0.0,33.7557
bp_sys,81.5,0.0,34.8332
bp_sys,81.7333,0.0,35.9278
bp_sys,81.9667,0.0,37.0386
bp_sys,82.2,0.0,38.1647
bp_sys,82.4333,0.0,39.3053
bp_sys,82.6667,0.0,40.4594
bp_sys,82.9,0.0,41.6258
bp_sys,83.1333,0.0,42.8036
bp_sys,83.3667,0.0,43.9915
bp_sys,83.6,0.0,45.1885
bp_sys,83.8333,0.0,46.3932
bp_sys,84.0667,0.0,47.6045
bp_sys,84.3,0.0,48.8211
bp_sys,84.5333,0.0,50.0416
bp_sys,84.7667,0.0,51.2648
bp_sys,85.0,0.0,52.4894
bp_sys,85.2333,0.0,53.7139
bp_sys,85.4667,0.0,54.9371
bp_sys,85.7,0.0,56.1576
bp_sys,85.9333,0.0,57.3742
bp_sys,86.1667,0.0,58.5855
bp_sys,86.4,0.0,59.7902
bp_sys,86.6333,0.0,60.9872
bp_sys,86.8667,0.0,62.1751
bp_sys,87.1,0.0,63.3529
bp_sys,87.3333,0.0,64.5193
bp_sys,87.5667,0.0,65.6734
bp_sys,87.8,0.0,66.814
bp_sys,88.0333,0.0,67.9401
bp_sys,88.2667,0.0,69.0509
bp_sys,88.5,0.0,70.1455
bp_sys,88.7333,0.0,71.223
bp_sys,88.9667,0.0,72.2827
bp_sys,89.2,0.0,73.324
bp_sys,89.4333,0.0,74.3461
bp_sys,89.6667,0.0,75.3486
bp_sys,89.9,0.0,76.3309
bp_sys,90.1333,0.0,77.2926
bp_sys,90.3667,0.0,78.2333
bp_sys,90.6,0.0,79.1528
bp_sys,90.8333,0.0,80.0507
bp_sys,91.0667,0.0,80.9268
bp_sys,91.3,0.0,81.7812
bp_sys,91.5333,0.0,82.6135
bp_sys,91.7667,0.0,83.4239
bp_sys,92.0,0.0,84.2122
bp_sys,92.2333,0.0,84.9787
bp_sys,92.4667,0.0,85.7233
bp_sys,92.7,0.0,86.4463
bp_sys,92.9333,0.0,87.1477
bp_sys,93.1667,0.0,87.8279
bp_sys,93.4,0.0,88.487
bp_sys,93.6333,0.0,89.1254
bp_sys,93.8667,0.0,89.7433
bp_sys,94.1,0.0,90.3411
bp_sys,94.3333,0.0,90.9191
bp_sys,94.5667,0.0,91.4777
bp_sys,94.8,0.0,92.0173
bp_sys,95.0333,0.0,92.5382
bp_sys,95.2667,0.0,93.0409
bp_sys,95.5,0.0,93.5259
bp_sys,95.7333,0.0,93.9934
bp_sys,95.9667,0.0,94.444
bp_sys,96.2,0.0,94.8781
bp_sys,96.4333,0.0001,95.2962
bp_sys,96.6667,0.0002,95.6986
bp_sys,96.9,0.0004,96.0859
bp_sys,97.1333,0.001,96.4585
bp_sys,97.3667,0.0027,96.8167
bp_sys,97.6,0.0068,97.1612
bp_sys,97.8333,0.0172,97.4922
bp_sys,98.0667,0.0438,97.8102
bp_sys,98.3,0.1113,98.1157
bp_sys,98.5333,0.2824,98.409
bp_sys,98.7667,0.7151,98.6906
bp_sys,99.0,1.7986,98.9609
bp_sys,99.2333,4.4503,99.2202
bp_sys,99.4667,10.5899,99.469
bp_sys,99.7,23.1475,99.7076
bp_sys,99.9333,43.3726,99.9364
bp_sys,100.1667,100.0,100.0
bp_sys,100.4,100.0,100.0
bp_sys,100.6333,100.0,100.0
bp_sys,100.8667,100.0,100.0
bp_sys,101.1,100.0,100.0
bp_sys,101.3333,100.0,100.0
bp_sys,101.5667,100.0,100.0
bp_sys,101.8,100.0,100.0
bp_sys,102.0333,100.0,100.0
bp_sys,102.2667,100.0,100.0
bp_sys,102.5,100.0,100.0
bp_sys,102.7333,100.0,100.0
bp_sys,102.9667,100.0,100.0
bp_sys,103.2,100.0,100.0
bp_sys,103.4333,100.0,100.0
bp_sys,103.6667,100.0,100.0
bp_sys,103.9,100.0,100.0
bp_sys,104.1333,100.0,100.0
bp_sys,104.3667,100.0,100.0
bp_sys,104.6,100.0,100.0
bp_sys,104.8333,100.0,100.0
bp_sys,105.0667,100.0,100.0
bp_sys,105.3,100.0,100.0
bp_sys,105.5333,100.0,100.0
bp_sys,105.7667,100.0,100.0
bp_sys,106.0,100.0,100.0
bp_sys,106.2333,100.0,100.0
bp_sys,106.4667,100.0,100.0
bp_sys,106.7,100.0,100.0
bp_sys,106.9333,100.0,100.0
bp_sys,107.1667,100.0,100.0
bp_sys,107.4,100.0,100.0
bp_sys,107.6333,100.0,100.0
bp_sys,107.8667,100.0,100.0
bp_sys,108.1,100.0,100.0
bp_sys,108.3333,100.0,100.0
bp_sys,108.5667,100.0,100.0
bp_sys,108.8,100.0,100.0
bp_sys,109.0333,100.0,100.0
bp_sys,109.2667,100.0,100.0
bp_sys,109.5,100.0,100.0
bp_sys,109.7333,100.0,100.0
bp_sys,109.9667,100.0,100.0
bp_sys,110.2,100.0,100.0
bp_sys,110.4333,100.0,100.0
bp_sys,110.6667,100.0,100.0
bp_sys,110.9,100.0,100.0
bp_sys,111.1333,100.0,100.0
bp_sys,111.3667,100.0,100.0
bp_sys,111.6,100.0,100.0
bp_sys,111.8333,100.0,100.0
bp_sys,112.0667,100.0,100.0
bp_sys,112.3,100.0,100.0
bp_sys,112.5333,100.0,100.0
bp_sys,112.7667,100.0,100.0
bp_sys,113.0,100.0,100.0
bp_sys,113.2333,100.0,100.0
bp_sys,113.4667,100.0,100.0
bp_sys,113.7,100.0,100.0
bp_sys,113.9333,100.0,100.0
bp_sys,114.1667,100.0,100.0
bp_sys,114.4,100.0,100.0
bp_sys,114.6333,100.0,100.0
bp_sys,114.8667,100.0,100.0
bp_sys,115.1,100.0,100.0
bp_sys,115.3333,100.0,100.0
bp_sys,115.5667,100.0,100.0
bp_sys,115.8,100.0,100.0
bp_sys,116.0333,100.0,100.0
bp_sys,116.2667,100.0,100.0
bp_sys,116.5,100.0,100.0
bp_sys,116.7333,100.0,100.0
bp_sys,116.9667,100.0,100.0
bp_sys,117.2,100.0,100.0
bp_sys,117.4333,100.0,100.0
bp_sys,117.6667,100.0,100.0
bp_sys,117.9,100.0,100.0
bp_sys,118.1333,100.0,100.0
bp_sys,118.3667,100.0,100.0
bp_sys,118.6,100.0,100.0
bp_sys,118.8333,100.0,100.0
bp_sys,119.0667,100.0,100.0
bp_sys,119.3,100.0,100.0
bp_sys,119.5333,100.0,100.0
bp_sys,119.7667,100.0,100.0
bp_sys,120.0,100.0,100.0
bp_sys,120.2333,100.0,100.0
bp_sys,120.4667,100.0,100.0
bp_sys,120.7,100.0,100.0
bp_sys,120.9333,100.0,100.0
bp_sys,121.1667,100.0,100.0
bp_sys,121.4,100.0,100.0
bp_sys,121.6333,100.0,100.0
bp_sys,121.8667,100.0,100.0
bp_sys,122.1,100.0,100.0
bp_sys,122.3333,100.0,100.0
bp_sys,122.5667,100.0,100.0
bp_sys,122.8,100.0,100.0
bp_sys,123.0333,100.0,100.0
bp_sys,123.2667,100.0,100.0
bp_sys,123.5,100.0,100.0
bp_sys,123.7333,100.0,100.0
bp_sys,123.9667,100.0,100.0
bp_sys,124.2,100.0,100.0
bp_sys,124.4333,100.0,100.0
bp_sys,124.6667,100.0,100.0
bp_sys,124.9,100.0,100.0
bp_sys,125.1333,100.0,100.0
bp_sys,125.3667,100.0,100.0
bp_sys,125.6,100.0,100.0
bp_sys,125.8333,100.0,100.0
bp_sys,126.0667,100.0,100.0
bp_sys,126.3,100.0,100.0
bp_sys,126.5333,100.0,100.0
bp_sys,126.7667,100.0,100.0
bp_sys,127.0,100.0,100.0
bp_sys,127.2333,100.0,100.0
bp_sys,127.4667,100.0,100.0
bp_sys,127.7,100.0,100.0
bp_sys,127.9333,100.0,100.0
bp_sys,128.1667,100.0,100.0
bp_sys,128.4,100.0,100.0
bp_sys,128.6333,100.0,100.0
bp_sys,128.8667,100.0,100.0
bp_sys,129.1,100.0,100.0
bp_sys,129.3333,100.0,100.0
bp_sys,129.5667,100.0,100.0
bp_sys,129.8,100.0,100.0
bp_sys,130.0333,100.0,100.0
bp_sys,130.2667,100.0,100.0
bp_sys,130.5,100.0,100.0
bp_sys,130.7333,100.0,100.0
bp_sys,130.9667,100.0,100.0
bp_sys,131.2,100.0,100.0
bp_sys,131.4333,100.0,100.0
bp_sys,131.6667,100.0,100.0
bp_sys,131.9,100.0,100.0
bp_sys,132.1333,100.0,100.0
bp_sys,132.3667,100.0,100.0
bp_sys,132.6,100.0,100.0
bp_sys,132.8333,100.0,100.0
bp_sys,133.0667,100.0,100.0
bp_sys,133.3,100.0,100.0
bp_sys,133.5333,100.0,100.0
bp_sys,133.7667,100.0,100.0
bp_sys,134.0,100.0,100.0
bp_sys,134.2333,100.0,100.0
bp_sys,134.4667,100.0,100.0
bp_sys,134.7,100.0,100.0
bp_sys,134.9333,100.0,100.0
bp_sys,135.1667,100.0,100.0
bp_sys,135.4,100.0,100.0
bp_sys,135.6333,100.0,100.0
bp_sys,135.8667,100.0,100.0
bp_sys,136.1,100.0,100.0
bp_sys,136.3333,100.0,100.0
bp_sys,136.5667,100.0,100.0
bp_sys,136.8,100.0,100.0
bp_sys,137.0333,100.0,100.0
bp_sys,137.2667,100.0,100.0
bp_sys,137.5,100.0,100.0
bp_sys,137.7333,100.0,100.0
bp_sys,137.9667,100.0,100.0
bp_sys,138.2,100.0,100.0
bp_sys,138.4333,100.0,100.0
bp_sys,138.6667,100.0,100.0
bp_sys,138.9,100.0,100.0
bp_sys,139.1333,100.0,100.0
bp_sys,139.3667,100.0,100.0
bp_sys,139.6,100.0,100.0
bp_sys,139.8333,100.0,100.0
bp_sys,140.0667,43.3726,99.9364
bp_sys,140.3,23.1475,99.7076
bp_sys,140.5333,10.5899,99.469
bp_sys,140.7667,4.4503,99.2202
bp_sys,141.0,1.7986,98.9609
bp_sys,141.2333,0.7151,98.6906
bp_sys,141.4667,0.2824,98.409
bp_sys,141.7,0.1113,98.1157
bp_sys,141.9333,0.0438,97.8102
bp_sys,142.1667,0.0172,97.4922
bp_sys,142.4,0.0068,97.1612
bp_sys,142.6333,0.0027,96.8167
bp_sys,142.8667,0.001,96.4585
bp_sys,143.1,0.0004,96.0859
bp_sys,143.3333,0.0002,95.6986
bp_sys,143.5667,0.0001,95.2962
bp_sys,143.8,0.0,94.8781
bp_sys,144.0333,0.0,94.444
bp_sys,144.2667,0.0,93.9934
bp_sys,144.5,0.0,93.5259
bp_sys,144.7333,0.0,93.0409
bp_sys,144.9667,0.0,92.5382
bp_sys,145.2,0.0,92.0173
bp_sys,145.4333,0.0,91.4777
bp_sys,145.6667,0.0,90.9191
bp_sys,145.9,0.0,90.3411
bp_sys,146.1333,0.0,89.7433
bp_sys,146.3667,0.0,89.1254
bp_sys,146.6,0.0,88.487
bp_sys,146.8333,0.0,87.8279
bp_sys,147.0667,0.0,87.1477
bp_sys,147.3,0.0,86.4463
bp_sys,147.5333,0.0,85.7233
bp_sys,147.7667,0.0,84.9787
bp_sys,148.0,0.0,84.2122
bp_sys,148.2333,0.0,83.4239
bp_sys,148.4667,0.0,82.6135
bp_sys,148.7,0.0,81.7812
bp_sys,148.9333,0.0,80.9268
bp_sys,149.1667,0.0,80.0507
bp_sys,149.4,0.0,79.1528
bp_sys,149.6333,0.0,78.2333
bp_sys,149.8667,0.0,77.2926
bp_sys,150.1,0.0,76.3309
bp_sys,150.3333,0.0,75.3486
bp_sys,150.5667,0.0,74.3461
bp_sys,150.8,0.0,73.324
bp_sys,151.0333,0.0,72.2827
bp_sys,151.2667,0.0,71.223
bp_sys,151.5,0.0,70.1455
bp_sys,151.7333,0.0,69.0509
bp_sys,151.9667,0.0,67.9401
bp_sys,152.2,0.0,66.814
bp_sys,152.4333,0.0,65.6734
bp_sys,152.6667,0.0,64.5193
bp_sys,152.9,0.0,63.3529
bp_sys,153.1333,0.0,62.1751
bp_sys,153.3667,0.0,60.9872
bp_sys,153.6,0.0,59.7902
bp_sys,153.8333,0.0,58.5855
bp_sys,154.0667,0.0,57.3742
bp_sys,154.3,0.0,56.1576
bp_sys,154.5333,0.0,54.9371
bp_sys,154.7667,0.0,53.7139
bp_sys,155.0,0.0,52.4894
bp_sys,155.2333,0.0,51.2648
bp_sys,155.4667,0.0,50.0416
bp_sys,155.7,0.0,48.8211
bp_sys,155.9333,0.0,47.6045
bp_sys,156.1667,0.0,46.3932
bp_sys,156.4,0.0,45.1885
bp_sys,156.6333,0.0,43.9915
bp_sys,156.8667,0.0,42.8036
bp_sys,157.1,0.0,41.6258
bp_sys,157.3333,0.0,40.4594
bp_sys,157.5667,0.0,39.3053
bp_sys,157.8,0.0,38.1647
bp_sys,158.0333,0.0,37.0386
bp_sys,158.2667,0.0,35.9278
bp_sys,158.5,0.0,34.8332
bp_sys,158.7333,0.0,33.7557
bp_sys,158.9667,0.0,32.696
bp_sys,159.2,0.0,31.6547
bp_sys,159.4333,0.0,30.6326
bp_sys,159.6667,0.0,29.6301
bp_sys,159.9,0.0,28.6478
bp_sys,160.1333,0.0,27.6861
bp_sys,160.3667,0.0,26.7454
bp_sys,160.6,0.0,25.8259
bp_sys,160.8333,0.0,24.928
bp_sys,161.0667,0.0,24.0519
bp_sys,161.3,0.0,23.1976
bp_sys,161.5333,0.0,22.3652
bp_sys,161.7667,0.0,21.5549
bp_sys,162.0,0.0,20.7665
bp_sys,162.2333,0.0,20.0
bp_sys,162.4667,0.0,19.2554
bp_sys,162.7,0.0,18.5324
bp_sys,162.9333,0.0,17.831
bp_sys,163.1667,0.0,17.1508
bp_sys,163.4,0.0,16.4917
bp_sys,163.6333,0.0,15.8533
bp_sys,163.8667,0.0,15.2354
bp_sys,164.1,0.0,14.6376
bp_sys,164.3333,0.0,14.0596
bp_sys,164.5667,0.0,13.501
bp_sys,164.8,0.0,12.9614
bp_sys,165.0333,0.0,12.4405
bp_sys,165.2667,0.0,11.9378
bp_sys,165.5,0.0,11.4528
bp_sys,165.7333,0.0,10.9853
bp_sys,165.9667,0.0,10.5347
bp_sys,166.2,0.0,10.1006
bp_sys,166.4333,0.0,9.6825
bp_sys,166.6667,0.0,9.2801
bp_sys,166.9,0.0,8.8928
bp_sys,167.1333,0.0,8.5203
bp_sys,167.3667,0.0,8.162
bp_sys,167.6,0.0,7.8175
bp_sys,167.8333,0.0,7.4865
bp_sys,168.0667,0.0,7.1685
bp_sys,168.3,0.0,6.863
bp_sys,168.5333,0.0,6.5697
bp_sys,168.7667,0.0,6.2881
bp_sys,169.0,0.0,6.0178
bp_sys,169.2333,0.0,5.7585
bp_sys,169.4667,0.0,5.5097
bp_sys,169.7,0.0,5.2711
bp_sys,169.9333,0.0,5.0423
bp_sys,170.1667,0.0,4.823
bp_sys,170.4,0.0,4.6127
bp_sys,170.6333,0.0,4.4113
bp_sys,170.8667,0.0,4.2182
bp_sys,171.1,0.0,4.0333
bp_sys,171.3333,0.0,3.8561
bp_sys,171.5667,0.0,3.6865
bp_sys,171.8,0.0,3.5241
bp_sys,172.0333,0.0,3.3685
bp_sys,172.2667,0.0,3.2197
bp_sys,172.5,0.0,3.0772
bp_sys,172.7333,0.0,2.9408
bp_sys,172.9667,0.0,2.8103
bp_sys,173.2,0.0,2.6854
bp_sys,173.4333,0.0,2.566
bp_sys,173.6667,0.0,2.4517
bp_sys,173.9,0.0,2.3424
bp_sys,174.1333,0.0,2.2379
bp_sys,174.3667,0.0,2.138
bp_sys,174.6,0.0,2.0424
bp_sys,174.8333,0.0,1.951
bp_sys,175.0667,0.0,1.8636
bp_sys,175.3,0.0,1.7801
bp_sys,175.5333,0.0,1.7002
bp_sys,175.7667,0.0,1.6239
bp_sys,176.0,0.0,1.551
bp_sys,176.2333,0.0,1.4812
bp_sys,176.4667,0.0,1.4146
bp_sys,176.7,0.0,1.3509
bp_sys,176.9333,0.0,1.2901
bp_sys,177.1667,0.0,1.232
bp_sys,177.4,0.0,1.1764
bp_sys,177.6333,0.0,1.1234
bp_sys,177.8667,0.0,1.0727
bp_sys,178.1,0.0,1.0242
bp_sys,178.3333,0.0,0.978
bp_sys,178.5667,0.0,0.9338
bp_sys,178.8,0.0,0.8916
bp_sys,179.0333,0.0,0.8512
bp_sys,179.2667,0.0,0.8127
bp_sys,179.5,0.0,0.776
bp_sys,179.7333,0.0,0.7408
bp_sys,179.9667,0.0,0.7073
bp_sys,180.2,0.0,0.6752
bp_sys,180.4333,0.0,0.6446
bp_sys,180.6667,0.0,0.6154
bp_sys,180.9,0.0,0.5875
bp_sys,181.1333,0.0,0.5609
bp_sys,181.3667,0.0,0.5354
bp_sys,181.6,0.0,0.5111
bp_sys,181.8333,0.0,0.4879
bp_sys,182.0667,0.0,0.4658
bp_sys,182.3,0.0,0.4446
bp_sys,182.5333,0.0,0.4245
bp_sys,182.7667,0.0,0.4052
bp_sys,183.0,0.0,0.3868
bp_sys,183.2333,0.0,0.3692
bp_sys,183.4667,0.0,0.3524
bp_sys,183.7,0.0,0.3364
bp_sys,183.9333,0.0,0.3211
bp_sys,184.1667,0.0,0.3065
bp_sys,184.4,0.0,0.2926
bp_sys,184.6333,0.0,0.2793
bp_sys,184.8667,0.0,0.2666
bp_sys,185.1,0.0,0.2544
bp_sys,185.3333,0.0,0.2429
bp_sys,185.5667,0.0,0.2318
bp_sys,185.8,0.0,0.2213
bp_sys,186.0333,0.0,0.2112
bp_sys,186.2667,0.0,0.2016
bp_sys,186.5,0.0,0.1924
bp_sys,186.7333,0.0,0.1837
bp_sys,186.9667,0.0,0.1753
bp_sys,187.2,0.0,0.1673
bp_sys,187.4333,0.0,0.1597
bp_sys,187.6667,0.0,0.1524
bp_sys,187.9,0.0,0.1455
bp_sys,188.1333,0.0,0.1389
bp_sys,188.3667,0.0,0.1325
bp_sys,188.6,0.0,0.1265
bp_sys,188.8333,0.0,0.1207
bp_sys,189.0667,0.0,0.1152
bp_sys,189.3,0.0,0.11
bp_sys,189.5333,0.0,0.105
bp_sys,189.7667,0.0,0.1002
bp_sys,190.0,0.0,0.0956
bp_dia,30.0,0.0,0.013
bp_dia,30.175,0.0,0.0139
bp_dia,30.35,0.0,0.0149
bp_dia,30.525,0.0,0.016
bp_dia,30.7,0.0,0.0171
bp_dia,30.875,0.0,0.0184
bp_dia,31.05,0.0,0.0197
bp_dia,31.225,0.0,0.0211
bp_dia,31.4,0.0,0.0227
bp_dia,31.575,0.0,0.0243
bp_dia,31.75,0.0,0.0261
bp_dia,31.925,0.0,0.028
bp_dia,32.1,0.0,0.03
bp_dia,32.275,0.0,0.0322
bp_dia,32.45,0.0,0.0345
bp_dia,32.625,0.0,0.037
bp_dia,32.8,0.0,0.0397
bp_dia,32.975,0.0,0.0426
bp_dia,33.15,0.0,0.0457
bp_dia,33.325,0.0,0.049
bp_dia,33.5,0.0,0.0525
bp_dia,33.675,0.0,0.0563
bp_dia,33.85,0.0,0.0604
bp_dia,34.025,0.0,0.0648
bp_dia,34.2,0.0,0.0695
bp_dia,34.375,0.0,0.0745
bp_dia,34.55,0.0,0.0799
bp_dia,34.725,0.0,0.0857
bp_dia,34.9,0.0,0.0919
bp_dia,35.075,0.0,0.0986
bp_dia,35.25,0.0,0.1057
bp_dia,35.425,0.0,0.1133
bp_dia,35.6,0.0,0.1216
bp_dia,35.775,0.0,0.1304
bp_dia,35.95,0.0,0.1398
bp_dia,36.125,0.0,0.1499
bp_dia,36.3,0.0,0.1608
bp_dia,36.475,0.0,0.1724
bp_dia,36.65,0.0,0.1849
bp_dia,36.825,0.0,0.1983
bp_dia,37.0,0.0,0.2126
bp_dia,37.175,0.0,0.228
bp_dia,37.35,0.0,0.2445
bp_dia,37.525,0.0,0.2622
bp_dia,37.7,0.0,0.2811
bp_dia,37.875,0.0,0.3015
bp_dia,38.05,0.0,0.3233
bp_dia,38.225,0.0,0.3466
bp_dia,38.4,0.0,0.3717
bp_dia,38.575,0.0,0.3985
bp_dia,38.75,0.0,0.4273
bp_dia,38.925,0.0,0.4581
bp_dia,39.1,0.0,0.4912
bp_dia,39.275,0.0,0.5266
bp_dia,39.45,0.0,0.5646
bp_dia,39.625,0.0,0.6053
bp_dia,39.8,0.0,0.6489
bp_dia,39.975,0.0,0.6957
bp_dia,40.15,0.0,0.7457
bp_dia,40.325,0.0,0.7994
bp_dia,40.5,0.0,0.8569
bp_dia,40.675,0.0,0.9185
bp_dia,40.85,0.0,0.9845
bp_dia,41.025,0.0,1.0551
bp_dia,41.2,0.0,1.1308
bp_dia,41.375,0.0,1.2118
bp_dia,41.55,0.0,1.2986
bp_dia,41.725,0.0,1.3915
bp_dia,41.9,0.0,1.491
bp_dia,42.075,0.0,1.5975
bp_dia,42.25,0.0,1.7114
bp_dia,42.425,0.0,1.8333
bp_dia,42.6,0.0,1.9638
bp_dia,42.775,0.0,2.1033
bp_dia,42.95,0.0,2.2526
bp_dia,43.125,0.0,2.4121
bp_dia,43.3,0.0,2.5827
bp_dia,43.475,0.0,2.7651
bp_dia,43.65,0.0,2.9599
bp_dia,43.825,0.0,3.168
bp_dia,44.0,0.0,3.3903
bp_dia,44.175,0.0,3.6277
bp_dia,44.35,0.0,3.881
bp_dia,44.525,0.0,4.1513
bp_dia,44.7,0.0,4.4395
bp_dia,44.875,0.0,4.7469
bp_dia,45.05,0.0,5.0744
bp_dia,45.225,0.0,5.4234
bp_dia,45.4,0.0,5.7949
bp_dia,45.575,0.0,6.1903
bp_dia,45.75,0.0,6.6109
bp_dia,45.925,0.0,7.058
bp_dia,46.1,0.0,7.533
bp_dia,46.275,0.0,8.0374
bp_dia,46.45,0.0,8.5726
bp_dia,46.625,0.0,9.1401
bp_dia,46.8,0.0,9.7413
bp_dia,46.975,0.0,10.3778
bp_dia,47.15,0.0,11.051
bp_dia,47.325,0.0,11.7626
bp_dia,47.5,0.0,12.5138
bp_dia,47.675,0.0,13.3061
bp_dia,47.85,0.0,14.141
bp_dia,48.025,0.0,15.0196
bp_dia,48.2,0.0,15.9432
bp_dia,48.375,0.0,16.913
bp_dia,48.55,0.0,17.9299
bp_dia,48.725,0.0,18.9947
bp_dia,48.9,0.0,20.1082
bp_dia,49.075,0.0,21.2708
bp_dia,49.25,0.0,22.4828
bp_dia,49.425,0.0,23.7442
bp_dia,49.6,0.0,25.055
bp_dia,49.775,0.0,26.4146
bp_dia,49.95,0.0,27.8222
bp_dia,50.125,0.0,29.277
bp_dia,50.3,0.0,30.7774
bp_dia,50.475,0.0,32.3219
bp_dia,50.65,0.0,33.9086
bp_dia,50.825,0.0,35.535
bp_dia,51.0,0.0,37.1985
bp_dia,51.175,0.0,38.8964
bp_dia,51.35,0.0,40.6253
bp_dia,51.525,0.0,42.3817
bp_dia,51.7,0.0,44.162
bp_dia,51.875,0.0,45.9621
bp_dia,52.05,0.0,47.778
bp_dia,52.225,0.0,49.6053
bp_dia,52.4,0.0,51.4397
bp_dia,52.575,0.0,53.2766
bp_dia,52.75,0.0,55.1116
bp_dia,52.925,0.0,56.9402
bp_dia,53.1,0.0,58.758
bp_dia,53.275,0.0,60.5607
bp_dia,53.45,0.0,62.344
bp_dia,53.625,0.0,64.1041
bp_dia,53.8,0.0,65.8372
bp_dia,53.975,0.0,67.5396
bp_dia,54.15,0.0,69.2083
bp_dia,54.325,0.0,70.8402
bp_dia,54.5,0.0,72.4326
bp_dia,54.675,0.0,73.9833
bp_dia,54.85,0.0,75.4902
bp_dia,55.025,0.0,76.9515
bp_dia,55.2,0.0,78.366
bp_dia,55.375,0.0,79.7325
bp_dia,55.55,0.0,81.0502
bp_dia,55.725,0.0,82.3188
bp_dia,55.9,0.0,83.5378
bp_dia,56.075,0.0,84.7075
bp_dia,56.25,0.0,85.8279
bp_dia,56.425,0.0001,86.8997
bp_dia,56.6,0.0001,87.9233
bp_dia,56.775,0.0002,88.8998
bp_dia,56.95,0.0005,89.83
bp_dia,57.125,0.001,90.7149
bp_dia,57.3,0.002,91.556
bp_dia,57.475,0.0041,92.3543
bp_dia,57.65,0.0083,93.1113
bp_dia,57.825,0.0167,93.8284
bp_dia,58.0,0.0335,94.507
bp_dia,58.175,0.0675,95.1487
bp_dia,58.35,0.1359,95.7549
bp_dia,58.525,0.2732,96.3271
bp_dia,58.7,0.5486,96.8668
bp_dia,58.875,1.0987,97.3755
bp_dia,59.05,2.1881,97.8546
bp_dia,59.225,4.3107,98.3056
bp_dia,59.4,8.3173,98.7299
bp_dia,59.575,15.4465,99.1288
bp_dia,59.75,26.8941,99.5037
bp_dia,59.925,42.5557,99.8558
bp_dia,60.1,100.0,100.0
bp_dia,60.275,100.0,100.0
bp_dia,60.45,100.0,100.0
bp_dia,60.625,100.0,100.0
bp_dia,60.8,100.0,100.0
bp_dia,60.975,100.0,100.0
bp_dia,61.15,100.0,100.0
bp_dia,61.325,100.0,100.0
bp_dia,61.5,100.0,100.0
bp_dia,61.675,100.0,100.0
bp_dia,61.85,100.0,100.0
bp_dia,62.025,100.0,100.0
bp_dia,62.2,100.0,100.0
bp_dia,62.375,100.0,100.0
bp_dia,62.55,100.0,100.0
bp_dia,62.725,100.0,100.0
bp_dia,62.9,100.0,100.0
bp_dia,63.075,100.0,100.0
bp_dia,63.25,100.0,100.0
bp_dia,63.425,100.0,100.0
bp_dia,63.6,100.0,100.0
bp_dia,63.775,100.0,100.0
bp_dia,63.95,100.0,100.0
bp_dia,64.125,100.0,100.0
bp_dia,64.3,100.0,100.0
bp_dia,64.475,100.0,100.0
bp_dia,64.65,100.0,100.0
bp_dia,64.825,100.0,100.0
bp_dia,65.0,100.0,100.0
bp_dia,65.175,100.0,100.0
bp_dia,65.35,100.0,100.0
bp_dia,65.525,100.0,100.0
bp_dia,65.7,100.0,100.0
bp_dia,65.875,100.0,100.0
bp_dia,66.05,100.0,100.0
bp_dia,66.225,100.0,100.0
bp_dia,66.4,100.0,100.0
bp_dia,66.575,100.0,100.0
bp_dia,66.75,100.0,100.0
bp_dia,66.925,100.0,100.0
bp_dia,67.1,100.0,100.0
bp_dia,67.275,100.0,100.0
bp_dia,67.45,100.0,100.0
bp_dia,67.625,100.0,100.0
bp_dia,67.8,100.0,100.0
bp_dia,67.975,100.0,100.0
bp_dia,68.15,100.0,100.0
bp_dia,68.325,100.0,100.0
bp_dia,68.5,100.0,100.0
bp_dia,68.675,100.0,100.0
bp_dia,68.85,100.0,100.0
bp_dia,69.025,100.0,100.0
bp_dia,69.2,100.0,100.0
bp_dia,69.375,100.0,100.0
bp_dia,69.55,100.0,100.0
bp_dia,69.725,100.0,100.0
bp_dia,69.9,100.0,100.0
bp_dia,70.075,100.0,100.0
bp_dia,70.25,100.0,100.0
bp_dia,70.425,100.0,100.0
bp_dia,70.6,100.0,100.0
bp_dia,70.775,100.0,100.0
bp_dia,70.95,100.0,100.0
bp_dia,71.125,100.0,100.0
bp_dia,71.3,100.0,100.0
bp_dia,71.475,100.0,100.0
bp_dia,71.65,100.0,100.0
bp_dia,71.825,100.0,100.0
bp_dia,72.0,100.0,100.0
bp_dia,72.175,100.0,100.0
bp_dia,72.35,100.0,100.0
bp_dia,72.525,100.0,100.0
bp_dia,72.7,100.0,100.0
bp_dia,72.875,100.0,100.0
bp_dia,73.05,100.0,100.0
bp_dia,73.225,100.0,100.0
bp_dia,73.4,100.0,100.0
bp_dia,73.575,100.0,100.0
bp_dia,73.75,100.0,100.0
bp_dia,73.925,100.0,100.0
bp_dia,74.1,100.0,100.0
bp_dia,74.275,100.0,100.0
bp_dia,74.45,100.0,100.0
bp_dia,74.625,100.0,100.0
bp_dia,74.8,100.0,100.0
bp_dia,74.975,100.0,100.0
bp_dia,75.15,100.0,100.0
bp_dia,75.325,100.0,100.0
bp_dia,75.5,100.0,100.0
bp_dia,75.675,100.0,100.0
bp_dia,75.85,100.0,100.0
bp_dia,76.025,100.0,100.0
bp_dia,76.2,100.0,100.0
bp_dia,76.375,100.0,100.0
bp_dia,76.55,100.0,100.0
bp_dia,76.725,100.0,100.0
bp_dia,76.9,100.0,100.0
bp_dia,77.075,100.0,100.0
bp_dia,77.25,100.0,100.0
bp_dia,77.425,100.0,100.0
bp_dia,77.6,100.0,100.0
bp_dia,77.775,100.0,100.0
bp_dia,77.95,100.0,100.0
bp_dia,78.125,100.0,100.0
bp_dia,78.3,100.0,100.0
bp_dia,78.475,100.0,100.0
bp_dia,78.65,100.0,100.0
bp_dia,78.825,100.0,100.0
bp_dia,79.0,100.0,100.0
bp_dia,79.175,100.0,100.0
bp_dia,79.35,100.0,100.0
bp_dia,79.525,100.0,100.0
bp_dia,79.7,100.0,100.0
bp_dia,79.875,100.0,100.0
bp_dia,80.05,100.0,100.0
bp_dia,80.225,100.0,100.0
bp_dia,80.4,100.0,100.0
bp_dia,80.575,100.0,100.0
bp_dia,80.75,100.0,100.0
bp_dia,80.925,100.0,100.0
bp_dia,81.1,100.0,100.0
bp_dia,81.275,100.0,100.0
bp_dia,81.45,100.0,100.0
bp_dia,81.625,100.0,100.0
bp_dia,81.8,100.0,100.0
bp_dia,81.975,100.0,100.0
bp_dia,82.15,100.0,100.0
bp_dia,82.325,100.0,100.0
bp_dia,82.5,100.0,100.0
bp_dia,82.675,100.0,100.0
bp_dia,82.85,100.0,100.0
bp_dia,83.025,100.0,100.0
bp_dia,83.2,100.0,100.0
bp_dia,83.375,100.0,100.0
bp_dia,83.55,100.0,100.0
bp_dia,83.725,100.0,100.0
bp_dia,83.9,100.0,100.0
bp_dia,84.075,100.0,100.0
bp_dia,84.25,100.0,100.0
bp_dia,84.425,100.0,100.0
bp_dia,84.6,100.0,100.0
bp_dia,84.775,100.0,100.0
bp_dia,84.95,100.0,100.0
bp_dia,85.125,100.0,100.0
bp_dia,85.3,100.0,100.0
bp_dia,85.475,100.0,100.0
bp_dia,85.65,100.0,100.0
bp_dia,85.825,100.0,100.0
bp_dia,86.0,100.0,100.0
bp_dia,86.175,100.0,100.0
bp_dia,86.35,100.0,100.0
bp_dia,86.525,100.0,100.0
bp_dia,86.7,100.0,100.0
bp_dia,86.875,100.0,100.0
bp_dia,87.05,100.0,100.0
bp_dia,87.225,100.0,100.0
bp_dia,87.4,100.0,100.0
bp_dia,87.575,100.0,100.0
bp_dia,87.75,100.0,100.0
bp_dia,87.925,100.0,100.0
bp_dia,88.1,100.0,100.0
bp_dia,88.275,100.0,100.0
bp_dia,88.45,100.0,100.0
bp_dia,88.625,100.0,100.0
bp_dia,88.8,100.0,100.0
bp_dia,88.975,100.0,100.0
bp_dia,89.15,100.0,100.0
bp_dia,89.325,100.0,100.0
bp_dia,89.5,100.0,100.0
bp_dia,89.675,100.0,100.0
bp_dia,89.85,100.0,100.0
bp_dia,90.025,47.5021,99.9762
bp_dia,90.2,31.0026,99.8068
bp_dia,90.375,18.2426,99.632
bp_dia,90.55,9.975,99.4516
bp_dia,90.725,5.2154,99.2654
bp_dia,90.9,2.6597,99.0733
bp_dia,91.075,1.3387,98.8752
bp_dia,91.25,0.6693,98.6709
bp_dia,91.425,0.3335,98.4602
bp_dia,91.6,0.1659,98.2429
bp_dia,91.775,0.0824,98.0188
bp_dia,91.95,0.041,97.7879
bp_dia,92.125,0.0203,97.5499
bp_dia,92.3,0.0101,97.3046
bp_dia,92.475,0.005,97.0519
bp_dia,92.65,0.0025,96.7916
bp_dia,92.825,0.0012,96.5235
bp_dia,93.0,0.0006,96.2473
bp_dia,93.175,0.0003,95.963
bp_dia,93.35,0.0002,95.6704
bp_dia,93.525,0.0001,95.3692
bp_dia,93.7,0.0,95.0592
bp_dia,93.875,0.0,94.7404
bp_dia,94.05,0.0,94.4124
bp_dia,94.225,0.0,94.0751
bp_dia,94.4,0.0,93.7283
bp_dia,94.575,0.0,93.3719
bp_dia,94.75,0.0,93.0056
bp_dia,94.925,0.0,92.6293
bp_dia,95.1,0.0,92.2428
bp_dia,95.275,0.0,91.8459
bp_dia,95.45,0.0,91.4385
bp_dia,95.625,0.0,91.0203
bp_dia,95.8,0.0,90.5912
bp_dia,95.975,0.0,90.1511
bp_dia,96.15,0.0,89.6999
bp_dia,96.325,0.0,89.2372
bp_dia,96.5,0.0,88.7631
bp_dia,96.675,0.0,88.2774
bp_dia,96.85,0.0,87.78
bp_dia,97.025,0.0,87.2707
bp_dia,97.2,0.0,86.7495
bp_dia,97.375,0.0,86.2162
bp_dia,97.55,0.0,85.6708
bp_dia,97.725,0.0,85.1132
bp_dia,97.9,0.0,84.5434
bp_dia,98.075,0.0,83.9612
bp_dia,98.25,0.0,83.3667
bp_dia,98.425,0.0,82.7598
bp_dia,98.6,0.0,82.1406
bp_dia,98.775,0.0,81.5089
bp_dia,98.95,0.0,80.865
bp_dia,99.125,0.0,80.2087
bp_dia,99.3,0.0,79.5402
bp_dia,99.475,0.0,78.8596
bp_dia,99.65,0.0,78.1668
bp_dia,99.825,0.0,77.4621
bp_dia,100.0,0.0,76.7456
bp_dia,100.175,0.0,76.0174
bp_dia,100.35,0.0,75.2776
bp_dia,100.525,0.0,74.5266
bp_dia,100.7,0.0,73.7644
bp_dia,100.875,0.0,72.9913
bp_dia,101.05,0.0,72.2076
bp_dia,101.225,0.0,71.4136
bp_dia,101.4,0.0,70.6094
bp_dia,101.575,0.0,69.7955
bp_dia,101.75,0.0,68.9721
bp_dia,101.925,0.0,68.1396
bp_dia,102.1,0.0,67.2984
bp_dia,102.275,0.0,66.4489
bp_dia,102.45,0.0,65.5914
bp_dia,102.625,0.0,64.7264
bp_dia,102.8,0.0,63.8542
bp_dia,102.975,0.0,62.9755
bp_dia,103.15,0.0,62.0906
bp_dia,103.325,0.0,61.2
bp_dia,103.5,0.0,60.3042
bp_dia,103.675,0.0,59.4038
bp_dia,103.85,0.0,58.4992
bp_dia,104.025,0.0,57.5909
bp_dia,104.2,0.0,56.6796
bp_dia,104.375,0.0,55.7657
bp_dia,104.55,0.0,54.8498
bp_dia,104.725,0.0,53.9324
bp_dia,104.9,0.0,53.0142
bp_dia,105.075,0.0,52.0957
bp_dia,105.25,0.0,51.1774
bp_dia,105.425,0.0,50.2599
bp_dia,105.6,0.0,49.3438
bp_dia,105.775,0.0,48.4296
bp_dia,105.95,0.0,47.5178
bp_dia,106.125,0.0,46.6091
bp_dia,106.3,0.0,45.7039
bp_dia,106.475,0.0,44.8028
bp_dia,106.65,0.0,43.9064
bp_dia,106.825,0.0,43.015
bp_dia,107.0,0.0,42.1293
bp_dia,107.175,0.0,41.2496
bp_dia,107.35,0.0,40.3765
bp_dia,107.525,0.0,39.5105
bp_dia,107.7,0.0,38.6519
bp_dia,107.875,0.0,37.8011
bp_dia,108.05,0.0,36.9587
bp_dia,108.225,0.0,36.125
bp_dia,108.4,0.0,35.3003
bp_dia,108.575,0.0,34.485
bp_dia,108.75,0.0,33.6794
bp_dia,108.925,0.0,32.8839
bp_dia,109.1,0.0,32.0987
bp_dia,109.275,0.0,31.3241
bp_dia,109.45,0.0,30.5603
bp_dia,109.625,0.0,29.8077
bp_dia,109.8,0.0,29.0663
bp_dia,109.975,0.0,28.3364
bp_dia,110.15,0.0,27.6182
bp_dia,110.325,0.0,26.9118
bp_dia,110.5,0.0,26.2174
bp_dia,110.675,0.0,25.535
bp_dia,110.85,0.0,24.8647
bp_dia,111.025,0.0,24.2067
bp_dia,111.2,0.0,23.561
bp_dia,111.375,0.0,22.9276
bp_dia,111.55,0.0,22.3066
bp_dia,111.725,0.0,21.6979
bp_dia,111.9,0.0,21.1017
bp_dia,112.075,0.0,20.5177
bp_dia,112.25,0.0,19.9461
bp_dia,112.425,0.0,19.3868
bp_dia,112.6,0.0,18.8396
bp_dia,112.775,0.0,18.3046
bp_dia,112.95,0.0,17.7817
bp_dia,113.125,0.0,17.2707
bp_dia,113.3,0.0,16.7716
bp_dia,113.475,0.0,16.2842
bp_dia,113.65,0.0,15.8085
bp_dia,113.825,0.0,15.3442
bp_dia,114.0,0.0,14.8913
bp_dia,114.175,0.0,14.4497
bp_dia,114.35,0.0,14.019
bp_dia,114.525,0.0,13.5993
bp_dia,114.7,0.0,13.1903
bp_dia,114.875,0.0,12.792
bp_dia,115.05,0.0,12.404
bp_dia,115.225,0.0,12.0262
bp_dia,115.4,0.0,11.6585
bp_dia,115.575,0.0,11.3007
bp_dia,115.75,0.0,10.9526
bp_dia,115.925,0.0,10.6139
bp_dia,116.1,0.0,10.2846
bp_dia,116.275,0.0,9.9645
bp_dia,116.45,0.0,9.6533
bp_dia,116.625,0.0,9.3508
bp_dia,116.8,0.0,9.057
bp_dia,116.975,0.0,8.7715
bp_dia,117.15,0.0,8.4942
bp_dia,117.325,0.0,8.2249
bp_dia,117.5,0.0,7.9635
bp_dia,117.675,0.0,7.7097
bp_dia,117.85,0.0,7.4634
bp_dia,118.025,0.0,7.2244
bp_dia,118.2,0.0,6.9924
bp_dia,118.375,0.0,6.7674
bp_dia,118.55,0.0,6.5492
bp_dia,118.725,0.0,6.3375
bp_dia,118.9,0.0,6.1323
bp_dia,119.075,0.0,5.9333
bp_dia,119.25,0.0,5.7404
bp_dia,119.425,0.0,5.5534
bp_dia,119.6,0.0,5.3721
bp_dia,119.775,0.0,5.1965
bp_dia,119.95,0.0,5.0263
bp_dia,120.125,0.0,4.8615
bp_dia,120.3,0.0,4.7018
bp_dia,120.475,0.0,4.547
bp_dia,120.65,0.0,4.3972
bp_dia,120.825,0.0,4.2521
bp_dia,121.0,0.0,4.1116
bp_dia,121.175,0.0,3.9755
bp_dia,121.35,0.0,3.8438
bp_dia,121.525,0.0,3.7163
bp_dia,121.7,0.0,3.5928
bp_dia,121.875,0.0,3.4733
bp_dia,122.05,0.0,3.3577
bp_dia,122.225,0.0,3.2458
bp_dia,122.4,0.0,3.1375
bp_dia,122.575,0.0,3.0327
bp_dia,122.75,0.0,2.9313
bp_dia,122.925,0.0,2.8332
bp_dia,123.1,0.0,2.7383
bp_dia,123.275,0.0,2.6465
bp_dia,123.45,0.0,2.5577
bp_dia,123.625,0.0,2.4718
bp_dia,123.8,0.0,2.3887
bp_dia,123.975,0.0,2.3083
bp_dia,124.15,0.0,2.2306
bp_dia,124.325,0.0,2.1555
bp_dia,124.5,0.0,2.0828
bp_dia,124.675,0.0,2.0125
bp_dia,124.85,0.0,1.9446
bp_dia,125.025,0.0,1.8789
bp_dia,125.2,0.0,1.8154
bp_dia,125.375,0.0,1.754
bp_dia,125.55,0.0,1.6947
bp_dia,125.725,0.0,1.6373
bp_dia,125.9,0.0,1.5818
bp_dia,126.075,0.0,1.5282
bp_dia,126.25,0.0,1.4764
bp_dia,126.425,0.0,1.4263
bp_dia,126.6,0.0,1.3779
bp_dia,126.775,0.0,1.3311
bp_dia,126.95,0.0,1.2859
bp_dia,127.125,0.0,1.2422
bp_dia,127.3,0.0,1.1999
bp_dia,127.475,0.0,1.1591
bp_dia,127.65,0.0,1.1197
bp_dia,127.825,0.0,1.0816
bp_dia,128.0,0.0,1.0447
bp_dia,128.175,0.0,1.0091
bp_dia,128.35,0.0,0.9748
bp_dia,128.525,0.0,0.9415
bp_dia,128.7,0.0,0.9094
bp_dia,128.875,0.0,0.8784
bp_dia,129.05,0.0,0.8484
bp_dia,129.225,0.0,0.8195
bp_dia,129.4,0.0,0.7915
bp_dia,129.575,0.0,0.7645
bp_dia,129.75,0.0,0.7384
bp_dia,129.925,0.0,0.7132
bp_dia,130.1,0.0,0.6888
bp_dia,130.275,0.0,0.6652
bp_dia,130.45,0.0,0.6425
bp_dia,130.625,0.0,0.6205
bp_dia,130.8,0.0,0.5993
bp_dia,130.975,0.0,0.5788
bp_dia,131.15,0.0,0.559
bp_dia,131.325,0.0,0.5399
bp_dia,131.5,0.0,0.5214
bp_dia,131.675,0.0,0.5036
bp_dia,131.85,0.0,0.4863
bp_dia,132.025,0.0,0.4697
bp_dia,132.2,0.0,0.4536
bp_dia,132.375,0.0,0.438
bp_dia,132.55,0.0,0.423
bp_dia,132.725,0.0,0.4085
bp_dia,132.9,0.0,0.3946
bp_dia,133.075,0.0,0.381
bp_dia,133.25,0.0,0.368
bp_dia,133.425,0.0,0.3554
bp_dia,133.6,0.0,0.3432
bp_dia,133.775,0.0,0.3314
bp_dia,133.95,0.0,0.32
bp_dia,134.125,0.0,0.3091
bp_dia,134.3,0.0,0.2985
bp_dia,134.475,0.0,0.2882
bp_dia,134.65,0.0,0.2783
bp_dia,134.825,0.0,0.2688
bp_dia,135.0,0.0,0.2596
