case,expected,temperature,pulse,spo2,stress,bp_sys,bp_dia
정상 경계 안쪽,항목 점수 100,37.5,75.0,97.5,30.0,120.0,75.0
정상 경계 바로 밖,"재설계 항목 점수 99 이상, 원본은 50 근처",37.51,75.0,97.5,30.0,120.0,75.0
임계치 일치,"항목 상태 주의, 재설계 항목 점수 5 근처",36.75,75.0,90.0,30.0,120.0,75.0
임계치 초과 극단,"항목 점수 1 미만, 최종 단계 경고",42.0,75.0,70.0,30.0,120.0,75.0
결측 1개,"missing_count 1, 5항목으로 점수 계산",36.75,75.0,97.5,,120.0,75.0
전부 결측,데이터 없음,,,,,,
상방 이탈 불가 항목,항목 점수 0,36.75,75.0,101.0,30.0,120.0,75.0
단일 항목 경고,"점수 단계는 안정, 최종 단계 경고",36.75,75.0,88.0,30.0,120.0,75.0
주의만 둘,"원본 보정 후 경고, 최종 단계 주의",36.75,105.0,97.5,30.0,120.0,91.0
